"","title_c","sum_c","score_c"
"1","A - STUDENT(모범생)","사악한 본성","9.83"
"2","이브의 꿈속친구","꿈에서 만난 친구","9.77"
"3","홈 스윗 홈","네식구 사는 이야기","9.85"
"4","제 소원을 들어주세요!","중요한걸 잊고있었어","9.86"
"5","헛어른","어른이라고 하기엔 아직 부족한 것 같고, 마냥 젊다고 하기엔 어느덧 적지 않은 나이. 그래서 때론 당황스럽기도 하고 서툴기도 한 우리들. ‘헛어른’은 그런 우리들의 이야기입니다.","9.85"
"6","웰캄 투 실버라이프","할머니! 할아버지!","9.94"
"7","선선한 이야기","프리랜선선","9.68"
"8","일상견문록","다른나라 일상이야기","9.85"
"9","아빠는 여섯 살","아빠 4컷 그림일기","9.94"
"10","카나와 초나의 독일","독일 유학 생존기","9.89"
"11","광해와 이순신","전쟁을 이긴 영웅들","9.60"
"12","다 이아리","데이트폭력에 관하여","9.84"
"13","식인귀","괴물이 보인다","9.77"
"14","저승파견고용직","기묘한 만화","9.92"
"15","검은 늑대","검은 늑대","9.87"
"16","제목이 7080 만화","7080 이야기","9.90"
"17","하루와 모레","일상 이야기 :)","9.68"
"18","올어바웃 You","봉카의 외노자인생","9.87"
"19","오픈했어요 <매직컬 마카롱>","마카롱가게에서~","9.91"
"20","나도 옷 잘 입고 싶다","패고의 패션만화","9.92"
"21","외국 in 한국","영국인의한국생활","9.87"
"22","중딩툰","중딩이 그리는 웹툰","9.46"
"23","파리스의 선택","그리스 신화 회귀물","9.93"
"24","아옹아옹","두식이 냥육일기","9.92"
"25","그를 좋아한다","그는 누구일까","9.71"
"26","3구역 숲","코아의 특별함","9.49"
"27","우주의 수호천사","우주의 수호천사!","9.88"
"28","멜팅 포인트","","9.78"
"29","등교하는 근식이","목숨을 건 개근일기","9.89"
"30","슬픔을 먹는 남자","성장물,감성,판타지","9.92"
"31","미용사 : LOST HERO","전직용사현직미용사!","9.72"
"32","어느 남고생의 하루","말하는강아지와의일상","9.89"
"33","소녀가 여행하는 법 2 베트남 프렌즈 여행기","여행장려웹툰","9.86"
"34","당신의 한 순간","#심리#영혼#힐링","9.78"
"35","달콤한 비밀 연애","사내연애 후  일상","9.67"
"36","루이와 졸개들 R","나만알고싶은 양아치","9.79"
"37","시크릿가족","성교육웹툰!!","9.88"
"38","그날, 우리들의 여름.","격주 연재합니다.","9.85"
"39","네가 꿈꾸는 동안에","꿈으로 드러난 범죄","9.92"
"40","다시 돌아온","다시 돌아온","9.74"
"41","헌트","어디에 있는가","9.64"
"42","리프로듀싱","내가 여자 아이돌?","9.60"
"43","오! 덕후를 위하여","덕심충만, 취향존중!","9.89"
"44","나는 부활 마법을 가졌다","부활판타지","9.86"
"45","Twins Love Story (트윈스 러브 스토리)","쌍둥이의 사랑이야기","9.87"
"46","인더하우스","동거 로맨스","9.84"
"47","만가","란의 성장 판타지.","9.48"
"48","마법약사","포션장사하는 이야기","9.95"
"49","오마이레이스(Oh! my lace)","아주 강력한 쇼핑몰이 온다!!!","9.74"
"50","봄봄","봄봄","9.75"
"51","내일은 만화왕","본격입시만화만화","9.71"
"52","낙원이야기","SF샤머니즘","8.18"
"53","양의 향수병","어른 동화","9.55"
"54","세가지색 클로버","3가지 인격의 주인공이 펼치는 액션만화~","9.54"
"55","지구방위 연구소","본격 4컷만화","9.74"
"56","델리의 말랑말랑","외로워도 슬퍼도 나는 안울어-","9.03"
"57","자취주부男 만화일기 / 금속문어","금속문어 - 자취주부男 만화일기","9.76"
"58","마녀가 되다.","도전!도전!","9.63"
"59","설뫼뎐","바위의 모험이야기!","9.75"
"60","기적이운다","기적이운다 연재공지","9.39"
"61","흑색논란","인간과 종(種)이 된 인간들의 전쟁","9.69"
"62","여자만화[구두]","여자만화","9.74"
"63","배추걸다이어리","나는야 미녀 배추걸","9.75"
"64","별과 바람과 꽃길의 왈츠","소년과 소녀의 모험 이야기","9.69"
"65","YUGA","뭐든지 다 이유가 있는 거 아니겠어?","9.69"
"66","조선명탐정 진현군","가상국 조선에서 추리세계가 펼쳐진다","9.77"
"67","라에스토나 (La Estona)","New Estona Project","9.63"
"68","쳇 세렌디피티","라 돌체비타","9.08"
"69","개와나","bye~","9.69"
"70","Guardian","수호자","9.75"
"71","어쿠스틱라이프",":","9.57"
"72","스물일곱","감동로맨스","9.56"
"73","엘레프","※예수시대의 제사장을 주인공으로 한 만화입니다.특정 종교를 폄하하려는 의도로 그려진 것이 아님을 미리 말씀드립니다. ---------","9.73"
"74","묵회","즐겁게 보아주세요. http://bongdal.org","9.39"
"75","가족사진","미스테리 가족드라마","8.87"
"76","연옥님이 보고계셔","언제 어디서나 어떻게든 나를 보고 있는 존재라면.","9.62"
"77","스쿨라이프","스쿨라이프","9.37"
"78","이그니션","후기","8.04"
"79","천짜의 동동다리","설렘없는 날 찾아오는 봄날의 진눈깨비, 천짜의 아으동동다리","7.02"
"80","블랙젤리","젠체의 일상속으로...","6.75"
"81","다이어트 뻬띠슈","다이어트하는 돼지의 슬프도록 아름다운 스토리","7.74"
"82","[실화] 사랑하니까 시즌1","사랑하니까는 20대의슬픈사랑이야기에 올라온 사연을 바탕으로 만든 카툰에세이 입니다","9.76"
"83","스풍동산","꿈과 희망의 스풍동산","7.20"
"84","도레미친만화","대게 실화이거나 팬분들이 보내주신 소재를 가지고 만화를 그립니다.","6.96"
"85","반쪽짜리 이야기","반쪽짜리 이야기","8.45"
"86","야도닷껌","야도닷껌","5.52"
"87","포토쥬스","누똥바의 포토쥬스","6.40"
"88","김모군의 일기","김모군의 일기","7.17"
"89","[지냥이] 친절한 '공익'씨","공감개그만화","5.15"
"90","엘레프","※예수시대의 제사장을 주인공으로 한 만화입니다.특정 종교를 폄하하려는 의도로 그려진 것이 아님을 미리 말씀드립니다. ---------","9.73"
"91","묵회","즐겁게 보아주세요. http://bongdal.org","9.39"
"92","가족사진","미스테리 가족드라마","8.87"
"93","연옥님이 보고계셔","언제 어디서나 어떻게든 나를 보고 있는 존재라면.","9.62"
"94","스쿨라이프","스쿨라이프","9.37"
"95","이그니션","후기","8.04"
"96","천짜의 동동다리","설렘없는 날 찾아오는 봄날의 진눈깨비, 천짜의 아으동동다리","7.02"
"97","블랙젤리","젠체의 일상속으로...","6.75"
"98","다이어트 뻬띠슈","다이어트하는 돼지의 슬프도록 아름다운 스토리","7.74"
"99","[실화] 사랑하니까 시즌1","사랑하니까는 20대의슬픈사랑이야기에 올라온 사연을 바탕으로 만든 카툰에세이 입니다","9.76"
"100","스풍동산","꿈과 희망의 스풍동산","7.20"
"101","도레미친만화","대게 실화이거나 팬분들이 보내주신 소재를 가지고 만화를 그립니다.","6.96"
"102","반쪽짜리 이야기","반쪽짜리 이야기","8.45"
"103","야도닷껌","야도닷껌","5.52"
"104","포토쥬스","누똥바의 포토쥬스","6.40"
"105","김모군의 일기","김모군의 일기","7.17"
"106","[지냥이] 친절한 '공익'씨","공감개그만화","5.15"
"107","엘레프","※예수시대의 제사장을 주인공으로 한 만화입니다.특정 종교를 폄하하려는 의도로 그려진 것이 아님을 미리 말씀드립니다. ---------","9.73"
"108","묵회","즐겁게 보아주세요. http://bongdal.org","9.39"
"109","가족사진","미스테리 가족드라마","8.87"
"110","연옥님이 보고계셔","언제 어디서나 어떻게든 나를 보고 있는 존재라면.","9.62"
"111","스쿨라이프","스쿨라이프","9.37"
"112","이그니션","후기","8.04"
"113","천짜의 동동다리","설렘없는 날 찾아오는 봄날의 진눈깨비, 천짜의 아으동동다리","7.02"
"114","블랙젤리","젠체의 일상속으로...","6.75"
"115","다이어트 뻬띠슈","다이어트하는 돼지의 슬프도록 아름다운 스토리","7.74"
"116","[실화] 사랑하니까 시즌1","사랑하니까는 20대의슬픈사랑이야기에 올라온 사연을 바탕으로 만든 카툰에세이 입니다","9.76"
"117","스풍동산","꿈과 희망의 스풍동산","7.20"
"118","도레미친만화","대게 실화이거나 팬분들이 보내주신 소재를 가지고 만화를 그립니다.","6.96"
"119","반쪽짜리 이야기","반쪽짜리 이야기","8.45"
"120","야도닷껌","야도닷껌","5.52"
"121","포토쥬스","누똥바의 포토쥬스","6.40"
"122","김모군의 일기","김모군의 일기","7.17"
"123","[지냥이] 친절한 '공익'씨","공감개그만화","5.15"
"124","엘레프","※예수시대의 제사장을 주인공으로 한 만화입니다.특정 종교를 폄하하려는 의도로 그려진 것이 아님을 미리 말씀드립니다. ---------","9.73"
"125","묵회","즐겁게 보아주세요. http://bongdal.org","9.39"
"126","가족사진","미스테리 가족드라마","8.87"
"127","연옥님이 보고계셔","언제 어디서나 어떻게든 나를 보고 있는 존재라면.","9.62"
"128","스쿨라이프","스쿨라이프","9.37"
"129","이그니션","후기","8.04"
"130","천짜의 동동다리","설렘없는 날 찾아오는 봄날의 진눈깨비, 천짜의 아으동동다리","7.02"
"131","블랙젤리","젠체의 일상속으로...","6.75"
"132","다이어트 뻬띠슈","다이어트하는 돼지의 슬프도록 아름다운 스토리","7.74"
"133","[실화] 사랑하니까 시즌1","사랑하니까는 20대의슬픈사랑이야기에 올라온 사연을 바탕으로 만든 카툰에세이 입니다","9.76"
"134","스풍동산","꿈과 희망의 스풍동산","7.20"
"135","도레미친만화","대게 실화이거나 팬분들이 보내주신 소재를 가지고 만화를 그립니다.","6.96"
"136","반쪽짜리 이야기","반쪽짜리 이야기","8.45"
"137","야도닷껌","야도닷껌","5.52"
"138","포토쥬스","누똥바의 포토쥬스","6.40"
"139","김모군의 일기","김모군의 일기","7.17"
"140","[지냥이] 친절한 '공익'씨","공감개그만화","5.15"
"141","엘레프","※예수시대의 제사장을 주인공으로 한 만화입니다.특정 종교를 폄하하려는 의도로 그려진 것이 아님을 미리 말씀드립니다. ---------","9.73"
"142","묵회","즐겁게 보아주세요. http://bongdal.org","9.39"
"143","가족사진","미스테리 가족드라마","8.87"
"144","연옥님이 보고계셔","언제 어디서나 어떻게든 나를 보고 있는 존재라면.","9.62"
"145","스쿨라이프","스쿨라이프","9.37"
"146","이그니션","후기","8.04"
"147","천짜의 동동다리","설렘없는 날 찾아오는 봄날의 진눈깨비, 천짜의 아으동동다리","7.02"
"148","블랙젤리","젠체의 일상속으로...","6.75"
"149","다이어트 뻬띠슈","다이어트하는 돼지의 슬프도록 아름다운 스토리","7.74"
"150","[실화] 사랑하니까 시즌1","사랑하니까는 20대의슬픈사랑이야기에 올라온 사연을 바탕으로 만든 카툰에세이 입니다","9.76"
"151","스풍동산","꿈과 희망의 스풍동산","7.20"
"152","도레미친만화","대게 실화이거나 팬분들이 보내주신 소재를 가지고 만화를 그립니다.","6.96"
"153","반쪽짜리 이야기","반쪽짜리 이야기","8.45"
"154","야도닷껌","야도닷껌","5.52"
"155","포토쥬스","누똥바의 포토쥬스","6.40"
"156","김모군의 일기","김모군의 일기","7.17"
"157","[지냥이] 친절한 '공익'씨","공감개그만화","5.15"
"158","엘레프","※예수시대의 제사장을 주인공으로 한 만화입니다.특정 종교를 폄하하려는 의도로 그려진 것이 아님을 미리 말씀드립니다. ---------","9.73"
"159","묵회","즐겁게 보아주세요. http://bongdal.org","9.39"
"160","가족사진","미스테리 가족드라마","8.87"
"161","연옥님이 보고계셔","언제 어디서나 어떻게든 나를 보고 있는 존재라면.","9.62"
"162","스쿨라이프","스쿨라이프","9.37"
"163","이그니션","후기","8.04"
"164","천짜의 동동다리","설렘없는 날 찾아오는 봄날의 진눈깨비, 천짜의 아으동동다리","7.02"
"165","블랙젤리","젠체의 일상속으로...","6.75"
"166","다이어트 뻬띠슈","다이어트하는 돼지의 슬프도록 아름다운 스토리","7.74"
"167","[실화] 사랑하니까 시즌1","사랑하니까는 20대의슬픈사랑이야기에 올라온 사연을 바탕으로 만든 카툰에세이 입니다","9.76"
"168","스풍동산","꿈과 희망의 스풍동산","7.20"
"169","도레미친만화","대게 실화이거나 팬분들이 보내주신 소재를 가지고 만화를 그립니다.","6.96"
"170","반쪽짜리 이야기","반쪽짜리 이야기","8.45"
"171","야도닷껌","야도닷껌","5.52"
"172","포토쥬스","누똥바의 포토쥬스","6.40"
"173","김모군의 일기","김모군의 일기","7.17"
"174","[지냥이] 친절한 '공익'씨","공감개그만화","5.15"
"175","엘레프","※예수시대의 제사장을 주인공으로 한 만화입니다.특정 종교를 폄하하려는 의도로 그려진 것이 아님을 미리 말씀드립니다. ---------","9.73"
"176","묵회","즐겁게 보아주세요. http://bongdal.org","9.39"
"177","가족사진","미스테리 가족드라마","8.87"
"178","연옥님이 보고계셔","언제 어디서나 어떻게든 나를 보고 있는 존재라면.","9.62"
"179","스쿨라이프","스쿨라이프","9.37"
"180","이그니션","후기","8.04"
"181","천짜의 동동다리","설렘없는 날 찾아오는 봄날의 진눈깨비, 천짜의 아으동동다리","7.02"
"182","블랙젤리","젠체의 일상속으로...","6.75"
"183","다이어트 뻬띠슈","다이어트하는 돼지의 슬프도록 아름다운 스토리","7.74"
"184","[실화] 사랑하니까 시즌1","사랑하니까는 20대의슬픈사랑이야기에 올라온 사연을 바탕으로 만든 카툰에세이 입니다","9.76"
"185","스풍동산","꿈과 희망의 스풍동산","7.20"
"186","도레미친만화","대게 실화이거나 팬분들이 보내주신 소재를 가지고 만화를 그립니다.","6.96"
"187","반쪽짜리 이야기","반쪽짜리 이야기","8.45"
"188","야도닷껌","야도닷껌","5.52"
"189","포토쥬스","누똥바의 포토쥬스","6.40"
"190","김모군의 일기","김모군의 일기","7.17"
"191","[지냥이] 친절한 '공익'씨","공감개그만화","5.15"
"192","A - STUDENT(모범생)","사악한 본성","9.83"
"193","이브의 꿈속친구","꿈에서 만난 친구","9.77"
"194","홈 스윗 홈","네식구 사는 이야기","9.85"
"195","제 소원을 들어주세요!","중요한걸 잊고있었어","9.86"
"196","헛어른","어른이라고 하기엔 아직 부족한 것 같고, 마냥 젊다고 하기엔 어느덧 적지 않은 나이. 그래서 때론 당황스럽기도 하고 서툴기도 한 우리들. ‘헛어른’은 그런 우리들의 이야기입니다.","9.85"
"197","웰캄 투 실버라이프","할머니! 할아버지!","9.94"
"198","선선한 이야기","프리랜선선","9.68"
"199","일상견문록","다른나라 일상이야기","9.85"
"200","아빠는 여섯 살","아빠 4컷 그림일기","9.94"
"201","카나와 초나의 독일","독일 유학 생존기","9.89"
"202","광해와 이순신","전쟁을 이긴 영웅들","9.60"
"203","다 이아리","데이트폭력에 관하여","9.84"
"204","식인귀","괴물이 보인다","9.77"
"205","저승파견고용직","기묘한 만화","9.92"
"206","검은 늑대","검은 늑대","9.87"
"207","제목이 7080 만화","7080 이야기","9.90"
"208","하루와 모레","일상 이야기 :)","9.68"
"209","올어바웃 You","봉카의 외노자인생","9.87"
"210","오픈했어요 <매직컬 마카롱>","마카롱가게에서~","9.91"
"211","나도 옷 잘 입고 싶다","패고의 패션만화","9.92"
"212","외국 in 한국","영국인의한국생활","9.87"
"213","중딩툰","중딩이 그리는 웹툰","9.46"
"214","파리스의 선택","그리스 신화 회귀물","9.93"
"215","아옹아옹","두식이 냥육일기","9.92"
"216","A - STUDENT(모범생)","사악한 본성","9.83"
"217","이브의 꿈속친구","꿈에서 만난 친구","9.77"
"218","홈 스윗 홈","네식구 사는 이야기","9.85"
"219","제 소원을 들어주세요!","중요한걸 잊고있었어","9.86"
"220","헛어른","어른이라고 하기엔 아직 부족한 것 같고, 마냥 젊다고 하기엔 어느덧 적지 않은 나이. 그래서 때론 당황스럽기도 하고 서툴기도 한 우리들. ‘헛어른’은 그런 우리들의 이야기입니다.","9.85"
"221","웰캄 투 실버라이프","할머니! 할아버지!","9.94"
"222","선선한 이야기","프리랜선선","9.68"
"223","일상견문록","다른나라 일상이야기","9.85"
"224","아빠는 여섯 살","아빠 4컷 그림일기","9.94"
"225","카나와 초나의 독일","독일 유학 생존기","9.89"
"226","광해와 이순신","전쟁을 이긴 영웅들","9.60"
"227","다 이아리","데이트폭력에 관하여","9.84"
"228","식인귀","괴물이 보인다","9.77"
"229","저승파견고용직","기묘한 만화","9.92"
"230","검은 늑대","검은 늑대","9.87"
"231","제목이 7080 만화","7080 이야기","9.90"
"232","하루와 모레","일상 이야기 :)","9.68"
"233","올어바웃 You","봉카의 외노자인생","9.87"
"234","오픈했어요 <매직컬 마카롱>","마카롱가게에서~","9.91"
"235","나도 옷 잘 입고 싶다","패고의 패션만화","9.92"
"236","외국 in 한국","영국인의한국생활","9.87"
"237","중딩툰","중딩이 그리는 웹툰","9.46"
"238","파리스의 선택","그리스 신화 회귀물","9.93"
"239","아옹아옹","두식이 냥육일기","9.92"
"240","A - STUDENT(모범생)","사악한 본성","9.83"
"241","이브의 꿈속친구","꿈에서 만난 친구","9.77"
"242","홈 스윗 홈","네식구 사는 이야기","9.85"
"243","제 소원을 들어주세요!","중요한걸 잊고있었어","9.86"
"244","헛어른","어른이라고 하기엔 아직 부족한 것 같고, 마냥 젊다고 하기엔 어느덧 적지 않은 나이. 그래서 때론 당황스럽기도 하고 서툴기도 한 우리들. ‘헛어른’은 그런 우리들의 이야기입니다.","9.85"
"245","웰캄 투 실버라이프","할머니! 할아버지!","9.94"
"246","선선한 이야기","프리랜선선","9.68"
"247","일상견문록","다른나라 일상이야기","9.85"
"248","아빠는 여섯 살","아빠 4컷 그림일기","9.94"
"249","카나와 초나의 독일","독일 유학 생존기","9.89"
"250","광해와 이순신","전쟁을 이긴 영웅들","9.60"
"251","다 이아리","데이트폭력에 관하여","9.84"
"252","식인귀","괴물이 보인다","9.77"
"253","저승파견고용직","기묘한 만화","9.92"
"254","검은 늑대","검은 늑대","9.87"
"255","제목이 7080 만화","7080 이야기","9.90"
"256","하루와 모레","일상 이야기 :)","9.68"
"257","올어바웃 You","봉카의 외노자인생","9.87"
"258","오픈했어요 <매직컬 마카롱>","마카롱가게에서~","9.91"
"259","나도 옷 잘 입고 싶다","패고의 패션만화","9.92"
"260","외국 in 한국","영국인의한국생활","9.87"
"261","중딩툰","중딩이 그리는 웹툰","9.46"
"262","파리스의 선택","그리스 신화 회귀물","9.93"
"263","아옹아옹","두식이 냥육일기","9.92"
"264","A - STUDENT(모범생)","사악한 본성","9.83"
"265","이브의 꿈속친구","꿈에서 만난 친구","9.77"
"266","홈 스윗 홈","네식구 사는 이야기","9.85"
"267","제 소원을 들어주세요!","중요한걸 잊고있었어","9.86"
"268","헛어른","어른이라고 하기엔 아직 부족한 것 같고, 마냥 젊다고 하기엔 어느덧 적지 않은 나이. 그래서 때론 당황스럽기도 하고 서툴기도 한 우리들. ‘헛어른’은 그런 우리들의 이야기입니다.","9.85"
"269","웰캄 투 실버라이프","할머니! 할아버지!","9.94"
"270","선선한 이야기","프리랜선선","9.68"
"271","일상견문록","다른나라 일상이야기","9.85"
"272","아빠는 여섯 살","아빠 4컷 그림일기","9.94"
"273","카나와 초나의 독일","독일 유학 생존기","9.89"
"274","광해와 이순신","전쟁을 이긴 영웅들","9.60"
"275","다 이아리","데이트폭력에 관하여","9.84"
"276","식인귀","괴물이 보인다","9.77"
"277","저승파견고용직","기묘한 만화","9.92"
"278","검은 늑대","검은 늑대","9.87"
"279","제목이 7080 만화","7080 이야기","9.90"
"280","하루와 모레","일상 이야기 :)","9.68"
"281","올어바웃 You","봉카의 외노자인생","9.87"
"282","오픈했어요 <매직컬 마카롱>","마카롱가게에서~","9.91"
"283","나도 옷 잘 입고 싶다","패고의 패션만화","9.92"
"284","외국 in 한국","영국인의한국생활","9.87"
"285","중딩툰","중딩이 그리는 웹툰","9.46"
"286","파리스의 선택","그리스 신화 회귀물","9.93"
"287","아옹아옹","두식이 냥육일기","9.92"
"288","A - STUDENT(모범생)","사악한 본성","9.83"
"289","이브의 꿈속친구","꿈에서 만난 친구","9.77"
"290","홈 스윗 홈","네식구 사는 이야기","9.85"
"291","제 소원을 들어주세요!","중요한걸 잊고있었어","9.86"
"292","헛어른","어른이라고 하기엔 아직 부족한 것 같고, 마냥 젊다고 하기엔 어느덧 적지 않은 나이. 그래서 때론 당황스럽기도 하고 서툴기도 한 우리들. ‘헛어른’은 그런 우리들의 이야기입니다.","9.85"
"293","웰캄 투 실버라이프","할머니! 할아버지!","9.94"
"294","선선한 이야기","프리랜선선","9.68"
"295","일상견문록","다른나라 일상이야기","9.85"
"296","아빠는 여섯 살","아빠 4컷 그림일기","9.94"
"297","카나와 초나의 독일","독일 유학 생존기","9.89"
"298","광해와 이순신","전쟁을 이긴 영웅들","9.60"
"299","다 이아리","데이트폭력에 관하여","9.84"
"300","식인귀","괴물이 보인다","9.77"
"301","저승파견고용직","기묘한 만화","9.92"
"302","검은 늑대","검은 늑대","9.87"
"303","제목이 7080 만화","7080 이야기","9.90"
"304","하루와 모레","일상 이야기 :)","9.68"
"305","올어바웃 You","봉카의 외노자인생","9.87"
"306","오픈했어요 <매직컬 마카롱>","마카롱가게에서~","9.91"
"307","나도 옷 잘 입고 싶다","패고의 패션만화","9.92"
"308","외국 in 한국","영국인의한국생활","9.87"
"309","중딩툰","중딩이 그리는 웹툰","9.46"
"310","파리스의 선택","그리스 신화 회귀물","9.93"
"311","아옹아옹","두식이 냥육일기","9.92"
"312","A - STUDENT(모범생)","사악한 본성","9.83"
"313","이브의 꿈속친구","꿈에서 만난 친구","9.77"
"314","홈 스윗 홈","네식구 사는 이야기","9.85"
"315","제 소원을 들어주세요!","중요한걸 잊고있었어","9.86"
"316","헛어른","어른이라고 하기엔 아직 부족한 것 같고, 마냥 젊다고 하기엔 어느덧 적지 않은 나이. 그래서 때론 당황스럽기도 하고 서툴기도 한 우리들. ‘헛어른’은 그런 우리들의 이야기입니다.","9.85"
"317","웰캄 투 실버라이프","할머니! 할아버지!","9.94"
"318","선선한 이야기","프리랜선선","9.68"
"319","일상견문록","다른나라 일상이야기","9.85"
"320","아빠는 여섯 살","아빠 4컷 그림일기","9.94"
"321","카나와 초나의 독일","독일 유학 생존기","9.89"
"322","광해와 이순신","전쟁을 이긴 영웅들","9.60"
"323","다 이아리","데이트폭력에 관하여","9.84"
"324","식인귀","괴물이 보인다","9.77"
"325","저승파견고용직","기묘한 만화","9.92"
"326","검은 늑대","검은 늑대","9.87"
"327","제목이 7080 만화","7080 이야기","9.90"
"328","하루와 모레","일상 이야기 :)","9.68"
"329","올어바웃 You","봉카의 외노자인생","9.87"
"330","오픈했어요 <매직컬 마카롱>","마카롱가게에서~","9.91"
"331","나도 옷 잘 입고 싶다","패고의 패션만화","9.92"
"332","외국 in 한국","영국인의한국생활","9.87"
"333","중딩툰","중딩이 그리는 웹툰","9.46"
"334","파리스의 선택","그리스 신화 회귀물","9.93"
"335","아옹아옹","두식이 냥육일기","9.92"
"336","A - STUDENT(모범생)","사악한 본성","9.83"
"337","이브의 꿈속친구","꿈에서 만난 친구","9.77"
"338","홈 스윗 홈","네식구 사는 이야기","9.85"
"339","제 소원을 들어주세요!","중요한걸 잊고있었어","9.86"
"340","헛어른","어른이라고 하기엔 아직 부족한 것 같고, 마냥 젊다고 하기엔 어느덧 적지 않은 나이. 그래서 때론 당황스럽기도 하고 서툴기도 한 우리들. ‘헛어른’은 그런 우리들의 이야기입니다.","9.85"
"341","웰캄 투 실버라이프","할머니! 할아버지!","9.94"
"342","선선한 이야기","프리랜선선","9.68"
"343","일상견문록","다른나라 일상이야기","9.85"
"344","아빠는 여섯 살","아빠 4컷 그림일기","9.94"
"345","카나와 초나의 독일","독일 유학 생존기","9.89"
"346","광해와 이순신","전쟁을 이긴 영웅들","9.60"
"347","다 이아리","데이트폭력에 관하여","9.84"
"348","식인귀","괴물이 보인다","9.77"
"349","저승파견고용직","기묘한 만화","9.92"
"350","검은 늑대","검은 늑대","9.87"
"351","제목이 7080 만화","7080 이야기","9.90"
"352","하루와 모레","일상 이야기 :)","9.68"
"353","올어바웃 You","봉카의 외노자인생","9.87"
"354","오픈했어요 <매직컬 마카롱>","마카롱가게에서~","9.91"
"355","나도 옷 잘 입고 싶다","패고의 패션만화","9.92"
"356","외국 in 한국","영국인의한국생활","9.87"
"357","중딩툰","중딩이 그리는 웹툰","9.46"
"358","파리스의 선택","그리스 신화 회귀물","9.93"
"359","아옹아옹","두식이 냥육일기","9.92"
"360","A - STUDENT(모범생)","사악한 본성","9.83"
"361","이브의 꿈속친구","꿈에서 만난 친구","9.77"
"362","홈 스윗 홈","네식구 사는 이야기","9.85"
"363","제 소원을 들어주세요!","중요한걸 잊고있었어","9.86"
"364","헛어른","어른이라고 하기엔 아직 부족한 것 같고, 마냥 젊다고 하기엔 어느덧 적지 않은 나이. 그래서 때론 당황스럽기도 하고 서툴기도 한 우리들. ‘헛어른’은 그런 우리들의 이야기입니다.","9.85"
"365","웰캄 투 실버라이프","할머니! 할아버지!","9.94"
"366","선선한 이야기","프리랜선선","9.68"
"367","일상견문록","다른나라 일상이야기","9.85"
"368","아빠는 여섯 살","아빠 4컷 그림일기","9.94"
"369","카나와 초나의 독일","독일 유학 생존기","9.89"
"370","광해와 이순신","전쟁을 이긴 영웅들","9.60"
"371","다 이아리","데이트폭력에 관하여","9.84"
"372","식인귀","괴물이 보인다","9.77"
"373","저승파견고용직","기묘한 만화","9.92"
"374","검은 늑대","검은 늑대","9.87"
"375","제목이 7080 만화","7080 이야기","9.90"
"376","하루와 모레","일상 이야기 :)","9.68"
"377","올어바웃 You","봉카의 외노자인생","9.87"
"378","오픈했어요 <매직컬 마카롱>","마카롱가게에서~","9.91"
"379","나도 옷 잘 입고 싶다","패고의 패션만화","9.92"
"380","외국 in 한국","영국인의한국생활","9.87"
"381","중딩툰","중딩이 그리는 웹툰","9.46"
"382","파리스의 선택","그리스 신화 회귀물","9.93"
"383","아옹아옹","두식이 냥육일기","9.92"
"384","A - STUDENT(모범생)","사악한 본성","9.83"
"385","이브의 꿈속친구","꿈에서 만난 친구","9.77"
"386","홈 스윗 홈","네식구 사는 이야기","9.85"
"387","제 소원을 들어주세요!","중요한걸 잊고있었어","9.86"
"388","헛어른","어른이라고 하기엔 아직 부족한 것 같고, 마냥 젊다고 하기엔 어느덧 적지 않은 나이. 그래서 때론 당황스럽기도 하고 서툴기도 한 우리들. ‘헛어른’은 그런 우리들의 이야기입니다.","9.85"
"389","웰캄 투 실버라이프","할머니! 할아버지!","9.94"
"390","선선한 이야기","프리랜선선","9.68"
"391","일상견문록","다른나라 일상이야기","9.85"
"392","아빠는 여섯 살","아빠 4컷 그림일기","9.94"
"393","카나와 초나의 독일","독일 유학 생존기","9.89"
"394","광해와 이순신","전쟁을 이긴 영웅들","9.60"
"395","다 이아리","데이트폭력에 관하여","9.84"
"396","식인귀","괴물이 보인다","9.77"
"397","저승파견고용직","기묘한 만화","9.92"
"398","검은 늑대","검은 늑대","9.87"
"399","제목이 7080 만화","7080 이야기","9.90"
"400","하루와 모레","일상 이야기 :)","9.68"
"401","올어바웃 You","봉카의 외노자인생","9.87"
"402","오픈했어요 <매직컬 마카롱>","마카롱가게에서~","9.91"
"403","나도 옷 잘 입고 싶다","패고의 패션만화","9.92"
"404","외국 in 한국","영국인의한국생활","9.87"
"405","중딩툰","중딩이 그리는 웹툰","9.46"
"406","파리스의 선택","그리스 신화 회귀물","9.93"
"407","아옹아옹","두식이 냥육일기","9.92"
"408","A - STUDENT(모범생)","사악한 본성","9.83"
"409","이브의 꿈속친구","꿈에서 만난 친구","9.77"
"410","홈 스윗 홈","네식구 사는 이야기","9.85"
"411","제 소원을 들어주세요!","중요한걸 잊고있었어","9.86"
"412","헛어른","어른이라고 하기엔 아직 부족한 것 같고, 마냥 젊다고 하기엔 어느덧 적지 않은 나이. 그래서 때론 당황스럽기도 하고 서툴기도 한 우리들. ‘헛어른’은 그런 우리들의 이야기입니다.","9.85"
"413","웰캄 투 실버라이프","할머니! 할아버지!","9.94"
"414","선선한 이야기","프리랜선선","9.68"
"415","일상견문록","다른나라 일상이야기","9.85"
"416","아빠는 여섯 살","아빠 4컷 그림일기","9.94"
"417","카나와 초나의 독일","독일 유학 생존기","9.89"
"418","광해와 이순신","전쟁을 이긴 영웅들","9.60"
"419","다 이아리","데이트폭력에 관하여","9.84"
"420","식인귀","괴물이 보인다","9.77"
"421","저승파견고용직","기묘한 만화","9.92"
"422","검은 늑대","검은 늑대","9.87"
"423","제목이 7080 만화","7080 이야기","9.90"
"424","하루와 모레","일상 이야기 :)","9.68"
"425","올어바웃 You","봉카의 외노자인생","9.87"
"426","오픈했어요 <매직컬 마카롱>","마카롱가게에서~","9.91"
"427","나도 옷 잘 입고 싶다","패고의 패션만화","9.92"
"428","외국 in 한국","영국인의한국생활","9.87"
"429","중딩툰","중딩이 그리는 웹툰","9.46"
"430","파리스의 선택","그리스 신화 회귀물","9.93"
"431","아옹아옹","두식이 냥육일기","9.92"
"432","A - STUDENT(모범생)","사악한 본성","9.83"
"433","이브의 꿈속친구","꿈에서 만난 친구","9.77"
"434","홈 스윗 홈","네식구 사는 이야기","9.85"
"435","제 소원을 들어주세요!","중요한걸 잊고있었어","9.86"
"436","헛어른","어른이라고 하기엔 아직 부족한 것 같고, 마냥 젊다고 하기엔 어느덧 적지 않은 나이. 그래서 때론 당황스럽기도 하고 서툴기도 한 우리들. ‘헛어른’은 그런 우리들의 이야기입니다.","9.85"
"437","웰캄 투 실버라이프","할머니! 할아버지!","9.94"
"438","선선한 이야기","프리랜선선","9.68"
"439","일상견문록","다른나라 일상이야기","9.85"
"440","아빠는 여섯 살","아빠 4컷 그림일기","9.94"
"441","카나와 초나의 독일","독일 유학 생존기","9.89"
"442","광해와 이순신","전쟁을 이긴 영웅들","9.60"
"443","다 이아리","데이트폭력에 관하여","9.84"
"444","식인귀","괴물이 보인다","9.77"
"445","저승파견고용직","기묘한 만화","9.92"
"446","검은 늑대","검은 늑대","9.87"
"447","제목이 7080 만화","7080 이야기","9.90"
"448","하루와 모레","일상 이야기 :)","9.68"
"449","올어바웃 You","봉카의 외노자인생","9.87"
"450","오픈했어요 <매직컬 마카롱>","마카롱가게에서~","9.91"
"451","나도 옷 잘 입고 싶다","패고의 패션만화","9.92"
"452","외국 in 한국","영국인의한국생활","9.87"
"453","중딩툰","중딩이 그리는 웹툰","9.46"
"454","파리스의 선택","그리스 신화 회귀물","9.93"
"455","아옹아옹","두식이 냥육일기","9.92"
"456","A - STUDENT(모범생)","사악한 본성","9.83"
"457","이브의 꿈속친구","꿈에서 만난 친구","9.77"
"458","홈 스윗 홈","네식구 사는 이야기","9.85"
"459","제 소원을 들어주세요!","중요한걸 잊고있었어","9.86"
"460","헛어른","어른이라고 하기엔 아직 부족한 것 같고, 마냥 젊다고 하기엔 어느덧 적지 않은 나이. 그래서 때론 당황스럽기도 하고 서툴기도 한 우리들. ‘헛어른’은 그런 우리들의 이야기입니다.","9.85"
"461","웰캄 투 실버라이프","할머니! 할아버지!","9.94"
"462","선선한 이야기","프리랜선선","9.68"
"463","일상견문록","다른나라 일상이야기","9.85"
"464","아빠는 여섯 살","아빠 4컷 그림일기","9.94"
"465","카나와 초나의 독일","독일 유학 생존기","9.89"
"466","광해와 이순신","전쟁을 이긴 영웅들","9.60"
"467","다 이아리","데이트폭력에 관하여","9.84"
"468","식인귀","괴물이 보인다","9.77"
"469","저승파견고용직","기묘한 만화","9.92"
"470","검은 늑대","검은 늑대","9.87"
"471","제목이 7080 만화","7080 이야기","9.90"
"472","하루와 모레","일상 이야기 :)","9.68"
"473","올어바웃 You","봉카의 외노자인생","9.87"
"474","오픈했어요 <매직컬 마카롱>","마카롱가게에서~","9.91"
"475","나도 옷 잘 입고 싶다","패고의 패션만화","9.92"
"476","외국 in 한국","영국인의한국생활","9.87"
"477","중딩툰","중딩이 그리는 웹툰","9.46"
"478","파리스의 선택","그리스 신화 회귀물","9.93"
"479","아옹아옹","두식이 냥육일기","9.92"
"480","A - STUDENT(모범생)","사악한 본성","9.83"
"481","이브의 꿈속친구","꿈에서 만난 친구","9.77"
"482","홈 스윗 홈","네식구 사는 이야기","9.85"
"483","제 소원을 들어주세요!","중요한걸 잊고있었어","9.86"
"484","헛어른","어른이라고 하기엔 아직 부족한 것 같고, 마냥 젊다고 하기엔 어느덧 적지 않은 나이. 그래서 때론 당황스럽기도 하고 서툴기도 한 우리들. ‘헛어른’은 그런 우리들의 이야기입니다.","9.85"
"485","웰캄 투 실버라이프","할머니! 할아버지!","9.94"
"486","선선한 이야기","프리랜선선","9.68"
"487","일상견문록","다른나라 일상이야기","9.85"
"488","아빠는 여섯 살","아빠 4컷 그림일기","9.94"
"489","카나와 초나의 독일","독일 유학 생존기","9.89"
"490","광해와 이순신","전쟁을 이긴 영웅들","9.60"
"491","다 이아리","데이트폭력에 관하여","9.84"
"492","식인귀","괴물이 보인다","9.77"
"493","저승파견고용직","기묘한 만화","9.92"
"494","검은 늑대","검은 늑대","9.87"
"495","제목이 7080 만화","7080 이야기","9.90"
"496","하루와 모레","일상 이야기 :)","9.68"
"497","올어바웃 You","봉카의 외노자인생","9.87"
"498","오픈했어요 <매직컬 마카롱>","마카롱가게에서~","9.91"
"499","나도 옷 잘 입고 싶다","패고의 패션만화","9.92"
"500","외국 in 한국","영국인의한국생활","9.87"
"501","중딩툰","중딩이 그리는 웹툰","9.46"
"502","파리스의 선택","그리스 신화 회귀물","9.93"
"503","아옹아옹","두식이 냥육일기","9.92"
"504","A - STUDENT(모범생)","사악한 본성","9.83"
"505","이브의 꿈속친구","꿈에서 만난 친구","9.77"
"506","홈 스윗 홈","네식구 사는 이야기","9.85"
"507","제 소원을 들어주세요!","중요한걸 잊고있었어","9.86"
"508","헛어른","어른이라고 하기엔 아직 부족한 것 같고, 마냥 젊다고 하기엔 어느덧 적지 않은 나이. 그래서 때론 당황스럽기도 하고 서툴기도 한 우리들. ‘헛어른’은 그런 우리들의 이야기입니다.","9.85"
"509","웰캄 투 실버라이프","할머니! 할아버지!","9.94"
"510","선선한 이야기","프리랜선선","9.68"
"511","일상견문록","다른나라 일상이야기","9.85"
"512","아빠는 여섯 살","아빠 4컷 그림일기","9.94"
"513","카나와 초나의 독일","독일 유학 생존기","9.89"
"514","광해와 이순신","전쟁을 이긴 영웅들","9.60"
"515","다 이아리","데이트폭력에 관하여","9.84"
"516","식인귀","괴물이 보인다","9.77"
"517","저승파견고용직","기묘한 만화","9.92"
"518","검은 늑대","검은 늑대","9.87"
"519","제목이 7080 만화","7080 이야기","9.90"
"520","하루와 모레","일상 이야기 :)","9.68"
"521","올어바웃 You","봉카의 외노자인생","9.87"
"522","오픈했어요 <매직컬 마카롱>","마카롱가게에서~","9.91"
"523","나도 옷 잘 입고 싶다","패고의 패션만화","9.92"
"524","외국 in 한국","영국인의한국생활","9.87"
"525","중딩툰","중딩이 그리는 웹툰","9.46"
"526","파리스의 선택","그리스 신화 회귀물","9.93"
"527","아옹아옹","두식이 냥육일기","9.92"
"528","A - STUDENT(모범생)","사악한 본성","9.83"
"529","이브의 꿈속친구","꿈에서 만난 친구","9.77"
"530","홈 스윗 홈","네식구 사는 이야기","9.85"
"531","제 소원을 들어주세요!","중요한걸 잊고있었어","9.86"
"532","헛어른","어른이라고 하기엔 아직 부족한 것 같고, 마냥 젊다고 하기엔 어느덧 적지 않은 나이. 그래서 때론 당황스럽기도 하고 서툴기도 한 우리들. ‘헛어른’은 그런 우리들의 이야기입니다.","9.85"
"533","웰캄 투 실버라이프","할머니! 할아버지!","9.94"
"534","선선한 이야기","프리랜선선","9.68"
"535","일상견문록","다른나라 일상이야기","9.85"
"536","아빠는 여섯 살","아빠 4컷 그림일기","9.94"
"537","카나와 초나의 독일","독일 유학 생존기","9.89"
"538","광해와 이순신","전쟁을 이긴 영웅들","9.60"
"539","다 이아리","데이트폭력에 관하여","9.84"
"540","식인귀","괴물이 보인다","9.77"
"541","저승파견고용직","기묘한 만화","9.92"
"542","검은 늑대","검은 늑대","9.87"
"543","제목이 7080 만화","7080 이야기","9.90"
"544","하루와 모레","일상 이야기 :)","9.68"
"545","올어바웃 You","봉카의 외노자인생","9.87"
"546","오픈했어요 <매직컬 마카롱>","마카롱가게에서~","9.91"
"547","나도 옷 잘 입고 싶다","패고의 패션만화","9.92"
"548","외국 in 한국","영국인의한국생활","9.87"
"549","중딩툰","중딩이 그리는 웹툰","9.46"
"550","파리스의 선택","그리스 신화 회귀물","9.93"
"551","아옹아옹","두식이 냥육일기","9.92"
"552","A - STUDENT(모범생)","사악한 본성","9.83"
"553","이브의 꿈속친구","꿈에서 만난 친구","9.77"
"554","홈 스윗 홈","네식구 사는 이야기","9.85"
"555","제 소원을 들어주세요!","중요한걸 잊고있었어","9.86"
"556","헛어른","어른이라고 하기엔 아직 부족한 것 같고, 마냥 젊다고 하기엔 어느덧 적지 않은 나이. 그래서 때론 당황스럽기도 하고 서툴기도 한 우리들. ‘헛어른’은 그런 우리들의 이야기입니다.","9.85"
"557","웰캄 투 실버라이프","할머니! 할아버지!","9.94"
"558","선선한 이야기","프리랜선선","9.68"
"559","일상견문록","다른나라 일상이야기","9.85"
"560","아빠는 여섯 살","아빠 4컷 그림일기","9.94"
"561","카나와 초나의 독일","독일 유학 생존기","9.89"
"562","광해와 이순신","전쟁을 이긴 영웅들","9.60"
"563","다 이아리","데이트폭력에 관하여","9.84"
"564","식인귀","괴물이 보인다","9.77"
"565","저승파견고용직","기묘한 만화","9.92"
"566","검은 늑대","검은 늑대","9.87"
"567","제목이 7080 만화","7080 이야기","9.90"
"568","하루와 모레","일상 이야기 :)","9.68"
"569","올어바웃 You","봉카의 외노자인생","9.87"
"570","오픈했어요 <매직컬 마카롱>","마카롱가게에서~","9.91"
"571","나도 옷 잘 입고 싶다","패고의 패션만화","9.92"
"572","외국 in 한국","영국인의한국생활","9.87"
"573","중딩툰","중딩이 그리는 웹툰","9.46"
"574","파리스의 선택","그리스 신화 회귀물","9.93"
"575","아옹아옹","두식이 냥육일기","9.92"
"576","A - STUDENT(모범생)","사악한 본성","9.83"
"577","이브의 꿈속친구","꿈에서 만난 친구","9.77"
"578","홈 스윗 홈","네식구 사는 이야기","9.85"
"579","제 소원을 들어주세요!","중요한걸 잊고있었어","9.86"
"580","헛어른","어른이라고 하기엔 아직 부족한 것 같고, 마냥 젊다고 하기엔 어느덧 적지 않은 나이. 그래서 때론 당황스럽기도 하고 서툴기도 한 우리들. ‘헛어른’은 그런 우리들의 이야기입니다.","9.85"
"581","웰캄 투 실버라이프","할머니! 할아버지!","9.94"
"582","선선한 이야기","프리랜선선","9.68"
"583","일상견문록","다른나라 일상이야기","9.85"
"584","아빠는 여섯 살","아빠 4컷 그림일기","9.94"
"585","카나와 초나의 독일","독일 유학 생존기","9.89"
"586","광해와 이순신","전쟁을 이긴 영웅들","9.60"
"587","다 이아리","데이트폭력에 관하여","9.84"
"588","식인귀","괴물이 보인다","9.77"
"589","저승파견고용직","기묘한 만화","9.92"
"590","검은 늑대","검은 늑대","9.87"
"591","제목이 7080 만화","7080 이야기","9.90"
"592","하루와 모레","일상 이야기 :)","9.68"
"593","올어바웃 You","봉카의 외노자인생","9.87"
"594","오픈했어요 <매직컬 마카롱>","마카롱가게에서~","9.91"
"595","나도 옷 잘 입고 싶다","패고의 패션만화","9.92"
"596","외국 in 한국","영국인의한국생활","9.87"
"597","중딩툰","중딩이 그리는 웹툰","9.46"
"598","파리스의 선택","그리스 신화 회귀물","9.93"
"599","아옹아옹","두식이 냥육일기","9.92"
"600","A - STUDENT(모범생)","사악한 본성","9.83"
"601","이브의 꿈속친구","꿈에서 만난 친구","9.77"
"602","홈 스윗 홈","네식구 사는 이야기","9.85"
"603","제 소원을 들어주세요!","중요한걸 잊고있었어","9.86"
"604","헛어른","어른이라고 하기엔 아직 부족한 것 같고, 마냥 젊다고 하기엔 어느덧 적지 않은 나이. 그래서 때론 당황스럽기도 하고 서툴기도 한 우리들. ‘헛어른’은 그런 우리들의 이야기입니다.","9.85"
"605","웰캄 투 실버라이프","할머니! 할아버지!","9.94"
"606","선선한 이야기","프리랜선선","9.68"
"607","일상견문록","다른나라 일상이야기","9.85"
"608","아빠는 여섯 살","아빠 4컷 그림일기","9.94"
"609","카나와 초나의 독일","독일 유학 생존기","9.89"
"610","광해와 이순신","전쟁을 이긴 영웅들","9.60"
"611","다 이아리","데이트폭력에 관하여","9.84"
"612","식인귀","괴물이 보인다","9.77"
"613","저승파견고용직","기묘한 만화","9.92"
"614","검은 늑대","검은 늑대","9.87"
"615","제목이 7080 만화","7080 이야기","9.90"
"616","하루와 모레","일상 이야기 :)","9.68"
"617","올어바웃 You","봉카의 외노자인생","9.87"
"618","오픈했어요 <매직컬 마카롱>","마카롱가게에서~","9.91"
"619","나도 옷 잘 입고 싶다","패고의 패션만화","9.92"
"620","외국 in 한국","영국인의한국생활","9.87"
"621","중딩툰","중딩이 그리는 웹툰","9.46"
"622","파리스의 선택","그리스 신화 회귀물","9.93"
"623","아옹아옹","두식이 냥육일기","9.92"
"624","A - STUDENT(모범생)","사악한 본성","9.83"
"625","이브의 꿈속친구","꿈에서 만난 친구","9.77"
"626","홈 스윗 홈","네식구 사는 이야기","9.85"
"627","제 소원을 들어주세요!","중요한걸 잊고있었어","9.86"
"628","헛어른","어른이라고 하기엔 아직 부족한 것 같고, 마냥 젊다고 하기엔 어느덧 적지 않은 나이. 그래서 때론 당황스럽기도 하고 서툴기도 한 우리들. ‘헛어른’은 그런 우리들의 이야기입니다.","9.85"
"629","웰캄 투 실버라이프","할머니! 할아버지!","9.94"
"630","선선한 이야기","프리랜선선","9.68"
"631","일상견문록","다른나라 일상이야기","9.85"
"632","아빠는 여섯 살","아빠 4컷 그림일기","9.94"
"633","카나와 초나의 독일","독일 유학 생존기","9.89"
"634","광해와 이순신","전쟁을 이긴 영웅들","9.60"
"635","다 이아리","데이트폭력에 관하여","9.84"
"636","식인귀","괴물이 보인다","9.77"
"637","저승파견고용직","기묘한 만화","9.92"
"638","검은 늑대","검은 늑대","9.87"
"639","제목이 7080 만화","7080 이야기","9.90"
"640","하루와 모레","일상 이야기 :)","9.68"
"641","올어바웃 You","봉카의 외노자인생","9.87"
"642","오픈했어요 <매직컬 마카롱>","마카롱가게에서~","9.91"
"643","나도 옷 잘 입고 싶다","패고의 패션만화","9.92"
"644","외국 in 한국","영국인의한국생활","9.87"
"645","중딩툰","중딩이 그리는 웹툰","9.46"
"646","파리스의 선택","그리스 신화 회귀물","9.93"
"647","아옹아옹","두식이 냥육일기","9.92"
"648","A - STUDENT(모범생)","사악한 본성","9.83"
"649","이브의 꿈속친구","꿈에서 만난 친구","9.77"
"650","홈 스윗 홈","네식구 사는 이야기","9.85"
"651","제 소원을 들어주세요!","중요한걸 잊고있었어","9.86"
"652","헛어른","어른이라고 하기엔 아직 부족한 것 같고, 마냥 젊다고 하기엔 어느덧 적지 않은 나이. 그래서 때론 당황스럽기도 하고 서툴기도 한 우리들. ‘헛어른’은 그런 우리들의 이야기입니다.","9.85"
"653","웰캄 투 실버라이프","할머니! 할아버지!","9.94"
"654","선선한 이야기","프리랜선선","9.68"
"655","일상견문록","다른나라 일상이야기","9.85"
"656","아빠는 여섯 살","아빠 4컷 그림일기","9.94"
"657","카나와 초나의 독일","독일 유학 생존기","9.89"
"658","광해와 이순신","전쟁을 이긴 영웅들","9.60"
"659","다 이아리","데이트폭력에 관하여","9.84"
"660","식인귀","괴물이 보인다","9.77"
"661","저승파견고용직","기묘한 만화","9.92"
"662","검은 늑대","검은 늑대","9.87"
"663","제목이 7080 만화","7080 이야기","9.90"
"664","하루와 모레","일상 이야기 :)","9.68"
"665","올어바웃 You","봉카의 외노자인생","9.87"
"666","오픈했어요 <매직컬 마카롱>","마카롱가게에서~","9.91"
"667","나도 옷 잘 입고 싶다","패고의 패션만화","9.92"
"668","외국 in 한국","영국인의한국생활","9.87"
"669","중딩툰","중딩이 그리는 웹툰","9.46"
"670","파리스의 선택","그리스 신화 회귀물","9.93"
"671","아옹아옹","두식이 냥육일기","9.92"
"672","A - STUDENT(모범생)","사악한 본성","9.83"
"673","이브의 꿈속친구","꿈에서 만난 친구","9.77"
"674","홈 스윗 홈","네식구 사는 이야기","9.85"
"675","제 소원을 들어주세요!","중요한걸 잊고있었어","9.86"
"676","헛어른","어른이라고 하기엔 아직 부족한 것 같고, 마냥 젊다고 하기엔 어느덧 적지 않은 나이. 그래서 때론 당황스럽기도 하고 서툴기도 한 우리들. ‘헛어른’은 그런 우리들의 이야기입니다.","9.85"
"677","웰캄 투 실버라이프","할머니! 할아버지!","9.94"
"678","선선한 이야기","프리랜선선","9.68"
"679","일상견문록","다른나라 일상이야기","9.85"
"680","아빠는 여섯 살","아빠 4컷 그림일기","9.94"
"681","카나와 초나의 독일","독일 유학 생존기","9.89"
"682","광해와 이순신","전쟁을 이긴 영웅들","9.60"
"683","다 이아리","데이트폭력에 관하여","9.84"
"684","식인귀","괴물이 보인다","9.77"
"685","저승파견고용직","기묘한 만화","9.92"
"686","검은 늑대","검은 늑대","9.87"
"687","제목이 7080 만화","7080 이야기","9.90"
"688","하루와 모레","일상 이야기 :)","9.68"
"689","올어바웃 You","봉카의 외노자인생","9.87"
"690","오픈했어요 <매직컬 마카롱>","마카롱가게에서~","9.91"
"691","나도 옷 잘 입고 싶다","패고의 패션만화","9.92"
"692","외국 in 한국","영국인의한국생활","9.87"
"693","중딩툰","중딩이 그리는 웹툰","9.46"
"694","파리스의 선택","그리스 신화 회귀물","9.93"
"695","아옹아옹","두식이 냥육일기","9.92"
"696","A - STUDENT(모범생)","사악한 본성","9.83"
"697","이브의 꿈속친구","꿈에서 만난 친구","9.77"
"698","홈 스윗 홈","네식구 사는 이야기","9.85"
"699","제 소원을 들어주세요!","중요한걸 잊고있었어","9.86"
"700","헛어른","어른이라고 하기엔 아직 부족한 것 같고, 마냥 젊다고 하기엔 어느덧 적지 않은 나이. 그래서 때론 당황스럽기도 하고 서툴기도 한 우리들. ‘헛어른’은 그런 우리들의 이야기입니다.","9.85"
"701","웰캄 투 실버라이프","할머니! 할아버지!","9.94"
"702","선선한 이야기","프리랜선선","9.68"
"703","일상견문록","다른나라 일상이야기","9.85"
"704","아빠는 여섯 살","아빠 4컷 그림일기","9.94"
"705","카나와 초나의 독일","독일 유학 생존기","9.89"
"706","광해와 이순신","전쟁을 이긴 영웅들","9.60"
"707","다 이아리","데이트폭력에 관하여","9.84"
"708","식인귀","괴물이 보인다","9.77"
"709","저승파견고용직","기묘한 만화","9.92"
"710","검은 늑대","검은 늑대","9.87"
"711","제목이 7080 만화","7080 이야기","9.90"
"712","하루와 모레","일상 이야기 :)","9.68"
"713","올어바웃 You","봉카의 외노자인생","9.87"
"714","오픈했어요 <매직컬 마카롱>","마카롱가게에서~","9.91"
"715","나도 옷 잘 입고 싶다","패고의 패션만화","9.92"
"716","외국 in 한국","영국인의한국생활","9.87"
"717","중딩툰","중딩이 그리는 웹툰","9.46"
"718","파리스의 선택","그리스 신화 회귀물","9.93"
"719","아옹아옹","두식이 냥육일기","9.92"
"720","A - STUDENT(모범생)","사악한 본성","9.83"
"721","이브의 꿈속친구","꿈에서 만난 친구","9.77"
"722","홈 스윗 홈","네식구 사는 이야기","9.85"
"723","제 소원을 들어주세요!","중요한걸 잊고있었어","9.86"
"724","헛어른","어른이라고 하기엔 아직 부족한 것 같고, 마냥 젊다고 하기엔 어느덧 적지 않은 나이. 그래서 때론 당황스럽기도 하고 서툴기도 한 우리들. ‘헛어른’은 그런 우리들의 이야기입니다.","9.85"
"725","웰캄 투 실버라이프","할머니! 할아버지!","9.94"
"726","선선한 이야기","프리랜선선","9.68"
"727","일상견문록","다른나라 일상이야기","9.85"
"728","아빠는 여섯 살","아빠 4컷 그림일기","9.94"
"729","카나와 초나의 독일","독일 유학 생존기","9.89"
"730","광해와 이순신","전쟁을 이긴 영웅들","9.60"
"731","다 이아리","데이트폭력에 관하여","9.84"
"732","식인귀","괴물이 보인다","9.77"
"733","저승파견고용직","기묘한 만화","9.92"
"734","검은 늑대","검은 늑대","9.87"
"735","제목이 7080 만화","7080 이야기","9.90"
"736","하루와 모레","일상 이야기 :)","9.68"
"737","올어바웃 You","봉카의 외노자인생","9.87"
"738","오픈했어요 <매직컬 마카롱>","마카롱가게에서~","9.91"
"739","나도 옷 잘 입고 싶다","패고의 패션만화","9.92"
"740","외국 in 한국","영국인의한국생활","9.87"
"741","중딩툰","중딩이 그리는 웹툰","9.46"
"742","파리스의 선택","그리스 신화 회귀물","9.93"
"743","아옹아옹","두식이 냥육일기","9.92"
"744","A - STUDENT(모범생)","사악한 본성","9.83"
"745","이브의 꿈속친구","꿈에서 만난 친구","9.77"
"746","홈 스윗 홈","네식구 사는 이야기","9.85"
"747","제 소원을 들어주세요!","중요한걸 잊고있었어","9.86"
"748","헛어른","어른이라고 하기엔 아직 부족한 것 같고, 마냥 젊다고 하기엔 어느덧 적지 않은 나이. 그래서 때론 당황스럽기도 하고 서툴기도 한 우리들. ‘헛어른’은 그런 우리들의 이야기입니다.","9.85"
"749","웰캄 투 실버라이프","할머니! 할아버지!","9.94"
"750","선선한 이야기","프리랜선선","9.68"
"751","일상견문록","다른나라 일상이야기","9.85"
"752","아빠는 여섯 살","아빠 4컷 그림일기","9.94"
"753","카나와 초나의 독일","독일 유학 생존기","9.89"
"754","광해와 이순신","전쟁을 이긴 영웅들","9.60"
"755","다 이아리","데이트폭력에 관하여","9.84"
"756","식인귀","괴물이 보인다","9.77"
"757","저승파견고용직","기묘한 만화","9.92"
"758","검은 늑대","검은 늑대","9.87"
"759","제목이 7080 만화","7080 이야기","9.90"
"760","하루와 모레","일상 이야기 :)","9.68"
"761","올어바웃 You","봉카의 외노자인생","9.87"
"762","오픈했어요 <매직컬 마카롱>","마카롱가게에서~","9.91"
"763","나도 옷 잘 입고 싶다","패고의 패션만화","9.92"
"764","외국 in 한국","영국인의한국생활","9.87"
"765","중딩툰","중딩이 그리는 웹툰","9.46"
"766","파리스의 선택","그리스 신화 회귀물","9.93"
"767","아옹아옹","두식이 냥육일기","9.92"
"768","A - STUDENT(모범생)","사악한 본성","9.83"
"769","이브의 꿈속친구","꿈에서 만난 친구","9.77"
"770","홈 스윗 홈","네식구 사는 이야기","9.85"
"771","제 소원을 들어주세요!","중요한걸 잊고있었어","9.86"
"772","헛어른","어른이라고 하기엔 아직 부족한 것 같고, 마냥 젊다고 하기엔 어느덧 적지 않은 나이. 그래서 때론 당황스럽기도 하고 서툴기도 한 우리들. ‘헛어른’은 그런 우리들의 이야기입니다.","9.85"
"773","웰캄 투 실버라이프","할머니! 할아버지!","9.94"
"774","선선한 이야기","프리랜선선","9.68"
"775","일상견문록","다른나라 일상이야기","9.85"
"776","아빠는 여섯 살","아빠 4컷 그림일기","9.94"
"777","카나와 초나의 독일","독일 유학 생존기","9.89"
"778","광해와 이순신","전쟁을 이긴 영웅들","9.60"
"779","다 이아리","데이트폭력에 관하여","9.84"
"780","식인귀","괴물이 보인다","9.77"
"781","저승파견고용직","기묘한 만화","9.92"
"782","검은 늑대","검은 늑대","9.87"
"783","제목이 7080 만화","7080 이야기","9.90"
"784","하루와 모레","일상 이야기 :)","9.68"
"785","올어바웃 You","봉카의 외노자인생","9.87"
"786","오픈했어요 <매직컬 마카롱>","마카롱가게에서~","9.91"
"787","나도 옷 잘 입고 싶다","패고의 패션만화","9.92"
"788","외국 in 한국","영국인의한국생활","9.87"
"789","중딩툰","중딩이 그리는 웹툰","9.46"
"790","파리스의 선택","그리스 신화 회귀물","9.93"
"791","아옹아옹","두식이 냥육일기","9.92"
"792","A - STUDENT(모범생)","사악한 본성","9.83"
"793","이브의 꿈속친구","꿈에서 만난 친구","9.77"
"794","홈 스윗 홈","네식구 사는 이야기","9.85"
"795","제 소원을 들어주세요!","중요한걸 잊고있었어","9.86"
"796","헛어른","어른이라고 하기엔 아직 부족한 것 같고, 마냥 젊다고 하기엔 어느덧 적지 않은 나이. 그래서 때론 당황스럽기도 하고 서툴기도 한 우리들. ‘헛어른’은 그런 우리들의 이야기입니다.","9.85"
"797","웰캄 투 실버라이프","할머니! 할아버지!","9.94"
"798","선선한 이야기","프리랜선선","9.68"
"799","일상견문록","다른나라 일상이야기","9.85"
"800","아빠는 여섯 살","아빠 4컷 그림일기","9.94"
"801","카나와 초나의 독일","독일 유학 생존기","9.89"
"802","광해와 이순신","전쟁을 이긴 영웅들","9.60"
"803","다 이아리","데이트폭력에 관하여","9.84"
"804","식인귀","괴물이 보인다","9.77"
"805","저승파견고용직","기묘한 만화","9.92"
"806","검은 늑대","검은 늑대","9.87"
"807","제목이 7080 만화","7080 이야기","9.90"
"808","하루와 모레","일상 이야기 :)","9.68"
"809","올어바웃 You","봉카의 외노자인생","9.87"
"810","오픈했어요 <매직컬 마카롱>","마카롱가게에서~","9.91"
"811","나도 옷 잘 입고 싶다","패고의 패션만화","9.92"
"812","외국 in 한국","영국인의한국생활","9.87"
"813","중딩툰","중딩이 그리는 웹툰","9.46"
"814","파리스의 선택","그리스 신화 회귀물","9.93"
"815","아옹아옹","두식이 냥육일기","9.92"
"816","A - STUDENT(모범생)","사악한 본성","9.83"
"817","이브의 꿈속친구","꿈에서 만난 친구","9.77"
"818","홈 스윗 홈","네식구 사는 이야기","9.85"
"819","제 소원을 들어주세요!","중요한걸 잊고있었어","9.86"
"820","헛어른","어른이라고 하기엔 아직 부족한 것 같고, 마냥 젊다고 하기엔 어느덧 적지 않은 나이. 그래서 때론 당황스럽기도 하고 서툴기도 한 우리들. ‘헛어른’은 그런 우리들의 이야기입니다.","9.85"
"821","웰캄 투 실버라이프","할머니! 할아버지!","9.94"
"822","선선한 이야기","프리랜선선","9.68"
"823","일상견문록","다른나라 일상이야기","9.85"
"824","아빠는 여섯 살","아빠 4컷 그림일기","9.94"
"825","카나와 초나의 독일","독일 유학 생존기","9.89"
"826","광해와 이순신","전쟁을 이긴 영웅들","9.60"
"827","다 이아리","데이트폭력에 관하여","9.84"
"828","식인귀","괴물이 보인다","9.77"
"829","저승파견고용직","기묘한 만화","9.92"
"830","검은 늑대","검은 늑대","9.87"
"831","제목이 7080 만화","7080 이야기","9.90"
"832","하루와 모레","일상 이야기 :)","9.68"
"833","올어바웃 You","봉카의 외노자인생","9.87"
"834","오픈했어요 <매직컬 마카롱>","마카롱가게에서~","9.91"
"835","나도 옷 잘 입고 싶다","패고의 패션만화","9.92"
"836","외국 in 한국","영국인의한국생활","9.87"
"837","중딩툰","중딩이 그리는 웹툰","9.46"
"838","파리스의 선택","그리스 신화 회귀물","9.93"
"839","아옹아옹","두식이 냥육일기","9.92"
"840","A - STUDENT(모범생)","사악한 본성","9.83"
"841","이브의 꿈속친구","꿈에서 만난 친구","9.77"
"842","홈 스윗 홈","네식구 사는 이야기","9.85"
"843","제 소원을 들어주세요!","중요한걸 잊고있었어","9.86"
"844","헛어른","어른이라고 하기엔 아직 부족한 것 같고, 마냥 젊다고 하기엔 어느덧 적지 않은 나이. 그래서 때론 당황스럽기도 하고 서툴기도 한 우리들. ‘헛어른’은 그런 우리들의 이야기입니다.","9.85"
"845","웰캄 투 실버라이프","할머니! 할아버지!","9.94"
"846","선선한 이야기","프리랜선선","9.68"
"847","일상견문록","다른나라 일상이야기","9.85"
"848","아빠는 여섯 살","아빠 4컷 그림일기","9.94"
"849","카나와 초나의 독일","독일 유학 생존기","9.89"
"850","광해와 이순신","전쟁을 이긴 영웅들","9.60"
"851","다 이아리","데이트폭력에 관하여","9.84"
"852","식인귀","괴물이 보인다","9.77"
"853","저승파견고용직","기묘한 만화","9.92"
"854","검은 늑대","검은 늑대","9.87"
"855","제목이 7080 만화","7080 이야기","9.90"
"856","하루와 모레","일상 이야기 :)","9.68"
"857","올어바웃 You","봉카의 외노자인생","9.87"
"858","오픈했어요 <매직컬 마카롱>","마카롱가게에서~","9.91"
"859","나도 옷 잘 입고 싶다","패고의 패션만화","9.92"
"860","외국 in 한국","영국인의한국생활","9.87"
"861","중딩툰","중딩이 그리는 웹툰","9.46"
"862","파리스의 선택","그리스 신화 회귀물","9.93"
"863","아옹아옹","두식이 냥육일기","9.92"
"864","A - STUDENT(모범생)","사악한 본성","9.83"
"865","이브의 꿈속친구","꿈에서 만난 친구","9.77"
"866","홈 스윗 홈","네식구 사는 이야기","9.85"
"867","제 소원을 들어주세요!","중요한걸 잊고있었어","9.86"
"868","헛어른","어른이라고 하기엔 아직 부족한 것 같고, 마냥 젊다고 하기엔 어느덧 적지 않은 나이. 그래서 때론 당황스럽기도 하고 서툴기도 한 우리들. ‘헛어른’은 그런 우리들의 이야기입니다.","9.85"
"869","웰캄 투 실버라이프","할머니! 할아버지!","9.94"
"870","선선한 이야기","프리랜선선","9.68"
"871","일상견문록","다른나라 일상이야기","9.85"
"872","아빠는 여섯 살","아빠 4컷 그림일기","9.94"
"873","카나와 초나의 독일","독일 유학 생존기","9.89"
"874","광해와 이순신","전쟁을 이긴 영웅들","9.60"
"875","다 이아리","데이트폭력에 관하여","9.84"
"876","식인귀","괴물이 보인다","9.77"
"877","저승파견고용직","기묘한 만화","9.92"
"878","검은 늑대","검은 늑대","9.87"
"879","제목이 7080 만화","7080 이야기","9.90"
"880","하루와 모레","일상 이야기 :)","9.68"
"881","올어바웃 You","봉카의 외노자인생","9.87"
"882","오픈했어요 <매직컬 마카롱>","마카롱가게에서~","9.91"
"883","나도 옷 잘 입고 싶다","패고의 패션만화","9.92"
"884","외국 in 한국","영국인의한국생활","9.87"
"885","중딩툰","중딩이 그리는 웹툰","9.46"
"886","파리스의 선택","그리스 신화 회귀물","9.93"
"887","아옹아옹","두식이 냥육일기","9.92"
"888","A - STUDENT(모범생)","사악한 본성","9.83"
"889","이브의 꿈속친구","꿈에서 만난 친구","9.77"
"890","홈 스윗 홈","네식구 사는 이야기","9.85"
"891","제 소원을 들어주세요!","중요한걸 잊고있었어","9.86"
"892","헛어른","어른이라고 하기엔 아직 부족한 것 같고, 마냥 젊다고 하기엔 어느덧 적지 않은 나이. 그래서 때론 당황스럽기도 하고 서툴기도 한 우리들. ‘헛어른’은 그런 우리들의 이야기입니다.","9.85"
"893","웰캄 투 실버라이프","할머니! 할아버지!","9.94"
"894","선선한 이야기","프리랜선선","9.68"
"895","일상견문록","다른나라 일상이야기","9.85"
"896","아빠는 여섯 살","아빠 4컷 그림일기","9.94"
"897","카나와 초나의 독일","독일 유학 생존기","9.89"
"898","광해와 이순신","전쟁을 이긴 영웅들","9.60"
"899","다 이아리","데이트폭력에 관하여","9.84"
"900","식인귀","괴물이 보인다","9.77"
"901","저승파견고용직","기묘한 만화","9.92"
"902","검은 늑대","검은 늑대","9.87"
"903","제목이 7080 만화","7080 이야기","9.90"
"904","하루와 모레","일상 이야기 :)","9.68"
"905","올어바웃 You","봉카의 외노자인생","9.87"
"906","오픈했어요 <매직컬 마카롱>","마카롱가게에서~","9.91"
"907","나도 옷 잘 입고 싶다","패고의 패션만화","9.92"
"908","외국 in 한국","영국인의한국생활","9.87"
"909","중딩툰","중딩이 그리는 웹툰","9.46"
"910","파리스의 선택","그리스 신화 회귀물","9.93"
"911","아옹아옹","두식이 냥육일기","9.92"
"912","A - STUDENT(모범생)","사악한 본성","9.83"
"913","이브의 꿈속친구","꿈에서 만난 친구","9.77"
"914","홈 스윗 홈","네식구 사는 이야기","9.85"
"915","제 소원을 들어주세요!","중요한걸 잊고있었어","9.86"
"916","헛어른","어른이라고 하기엔 아직 부족한 것 같고, 마냥 젊다고 하기엔 어느덧 적지 않은 나이. 그래서 때론 당황스럽기도 하고 서툴기도 한 우리들. ‘헛어른’은 그런 우리들의 이야기입니다.","9.85"
"917","웰캄 투 실버라이프","할머니! 할아버지!","9.94"
"918","선선한 이야기","프리랜선선","9.68"
"919","일상견문록","다른나라 일상이야기","9.85"
"920","아빠는 여섯 살","아빠 4컷 그림일기","9.94"
"921","카나와 초나의 독일","독일 유학 생존기","9.89"
"922","광해와 이순신","전쟁을 이긴 영웅들","9.60"
"923","다 이아리","데이트폭력에 관하여","9.84"
"924","식인귀","괴물이 보인다","9.77"
"925","저승파견고용직","기묘한 만화","9.92"
"926","검은 늑대","검은 늑대","9.87"
"927","제목이 7080 만화","7080 이야기","9.90"
"928","하루와 모레","일상 이야기 :)","9.68"
"929","올어바웃 You","봉카의 외노자인생","9.87"
"930","오픈했어요 <매직컬 마카롱>","마카롱가게에서~","9.91"
"931","나도 옷 잘 입고 싶다","패고의 패션만화","9.92"
"932","외국 in 한국","영국인의한국생활","9.87"
"933","중딩툰","중딩이 그리는 웹툰","9.46"
"934","파리스의 선택","그리스 신화 회귀물","9.93"
"935","아옹아옹","두식이 냥육일기","9.92"
"936","A - STUDENT(모범생)","사악한 본성","9.83"
"937","이브의 꿈속친구","꿈에서 만난 친구","9.77"
"938","홈 스윗 홈","네식구 사는 이야기","9.85"
"939","제 소원을 들어주세요!","중요한걸 잊고있었어","9.86"
"940","헛어른","어른이라고 하기엔 아직 부족한 것 같고, 마냥 젊다고 하기엔 어느덧 적지 않은 나이. 그래서 때론 당황스럽기도 하고 서툴기도 한 우리들. ‘헛어른’은 그런 우리들의 이야기입니다.","9.85"
"941","웰캄 투 실버라이프","할머니! 할아버지!","9.94"
"942","선선한 이야기","프리랜선선","9.68"
"943","일상견문록","다른나라 일상이야기","9.85"
"944","아빠는 여섯 살","아빠 4컷 그림일기","9.94"
"945","카나와 초나의 독일","독일 유학 생존기","9.89"
"946","광해와 이순신","전쟁을 이긴 영웅들","9.60"
"947","다 이아리","데이트폭력에 관하여","9.84"
"948","식인귀","괴물이 보인다","9.77"
"949","저승파견고용직","기묘한 만화","9.92"
"950","검은 늑대","검은 늑대","9.87"
"951","제목이 7080 만화","7080 이야기","9.90"
"952","하루와 모레","일상 이야기 :)","9.68"
"953","올어바웃 You","봉카의 외노자인생","9.87"
"954","오픈했어요 <매직컬 마카롱>","마카롱가게에서~","9.91"
"955","나도 옷 잘 입고 싶다","패고의 패션만화","9.92"
"956","외국 in 한국","영국인의한국생활","9.87"
"957","중딩툰","중딩이 그리는 웹툰","9.46"
"958","파리스의 선택","그리스 신화 회귀물","9.93"
"959","아옹아옹","두식이 냥육일기","9.92"
"960","A - STUDENT(모범생)","사악한 본성","9.83"
"961","이브의 꿈속친구","꿈에서 만난 친구","9.77"
"962","홈 스윗 홈","네식구 사는 이야기","9.85"
"963","제 소원을 들어주세요!","중요한걸 잊고있었어","9.86"
"964","헛어른","어른이라고 하기엔 아직 부족한 것 같고, 마냥 젊다고 하기엔 어느덧 적지 않은 나이. 그래서 때론 당황스럽기도 하고 서툴기도 한 우리들. ‘헛어른’은 그런 우리들의 이야기입니다.","9.85"
"965","웰캄 투 실버라이프","할머니! 할아버지!","9.94"
"966","선선한 이야기","프리랜선선","9.68"
"967","일상견문록","다른나라 일상이야기","9.85"
"968","아빠는 여섯 살","아빠 4컷 그림일기","9.94"
"969","카나와 초나의 독일","독일 유학 생존기","9.89"
"970","광해와 이순신","전쟁을 이긴 영웅들","9.60"
"971","다 이아리","데이트폭력에 관하여","9.84"
"972","식인귀","괴물이 보인다","9.77"
"973","저승파견고용직","기묘한 만화","9.92"
"974","검은 늑대","검은 늑대","9.87"
"975","제목이 7080 만화","7080 이야기","9.90"
"976","하루와 모레","일상 이야기 :)","9.68"
"977","올어바웃 You","봉카의 외노자인생","9.87"
"978","오픈했어요 <매직컬 마카롱>","마카롱가게에서~","9.91"
"979","나도 옷 잘 입고 싶다","패고의 패션만화","9.92"
"980","외국 in 한국","영국인의한국생활","9.87"
"981","중딩툰","중딩이 그리는 웹툰","9.46"
"982","파리스의 선택","그리스 신화 회귀물","9.93"
"983","아옹아옹","두식이 냥육일기","9.92"
"984","A - STUDENT(모범생)","사악한 본성","9.83"
"985","이브의 꿈속친구","꿈에서 만난 친구","9.77"
"986","홈 스윗 홈","네식구 사는 이야기","9.85"
"987","제 소원을 들어주세요!","중요한걸 잊고있었어","9.86"
"988","헛어른","어른이라고 하기엔 아직 부족한 것 같고, 마냥 젊다고 하기엔 어느덧 적지 않은 나이. 그래서 때론 당황스럽기도 하고 서툴기도 한 우리들. ‘헛어른’은 그런 우리들의 이야기입니다.","9.85"
"989","웰캄 투 실버라이프","할머니! 할아버지!","9.94"
"990","선선한 이야기","프리랜선선","9.68"
"991","일상견문록","다른나라 일상이야기","9.85"
"992","아빠는 여섯 살","아빠 4컷 그림일기","9.94"
"993","카나와 초나의 독일","독일 유학 생존기","9.89"
"994","광해와 이순신","전쟁을 이긴 영웅들","9.60"
"995","다 이아리","데이트폭력에 관하여","9.84"
"996","식인귀","괴물이 보인다","9.77"
"997","저승파견고용직","기묘한 만화","9.92"
"998","검은 늑대","검은 늑대","9.87"
"999","제목이 7080 만화","7080 이야기","9.90"
"1000","하루와 모레","일상 이야기 :)","9.68"
"1001","올어바웃 You","봉카의 외노자인생","9.87"
"1002","오픈했어요 <매직컬 마카롱>","마카롱가게에서~","9.91"
"1003","나도 옷 잘 입고 싶다","패고의 패션만화","9.92"
"1004","외국 in 한국","영국인의한국생활","9.87"
"1005","중딩툰","중딩이 그리는 웹툰","9.46"
"1006","파리스의 선택","그리스 신화 회귀물","9.93"
"1007","아옹아옹","두식이 냥육일기","9.92"
"1008","A - STUDENT(모범생)","사악한 본성","9.83"
"1009","이브의 꿈속친구","꿈에서 만난 친구","9.77"
"1010","홈 스윗 홈","네식구 사는 이야기","9.85"
"1011","제 소원을 들어주세요!","중요한걸 잊고있었어","9.86"
"1012","헛어른","어른이라고 하기엔 아직 부족한 것 같고, 마냥 젊다고 하기엔 어느덧 적지 않은 나이. 그래서 때론 당황스럽기도 하고 서툴기도 한 우리들. ‘헛어른’은 그런 우리들의 이야기입니다.","9.85"
"1013","웰캄 투 실버라이프","할머니! 할아버지!","9.94"
"1014","선선한 이야기","프리랜선선","9.68"
"1015","일상견문록","다른나라 일상이야기","9.85"
"1016","아빠는 여섯 살","아빠 4컷 그림일기","9.94"
"1017","카나와 초나의 독일","독일 유학 생존기","9.89"
"1018","광해와 이순신","전쟁을 이긴 영웅들","9.60"
"1019","다 이아리","데이트폭력에 관하여","9.84"
"1020","식인귀","괴물이 보인다","9.77"
"1021","저승파견고용직","기묘한 만화","9.92"
"1022","검은 늑대","검은 늑대","9.87"
"1023","제목이 7080 만화","7080 이야기","9.90"
"1024","하루와 모레","일상 이야기 :)","9.68"
"1025","올어바웃 You","봉카의 외노자인생","9.87"
"1026","오픈했어요 <매직컬 마카롱>","마카롱가게에서~","9.91"
"1027","나도 옷 잘 입고 싶다","패고의 패션만화","9.92"
"1028","외국 in 한국","영국인의한국생활","9.87"
"1029","중딩툰","중딩이 그리는 웹툰","9.46"
"1030","파리스의 선택","그리스 신화 회귀물","9.93"
"1031","아옹아옹","두식이 냥육일기","9.92"
"1032","A - STUDENT(모범생)","사악한 본성","9.83"
"1033","이브의 꿈속친구","꿈에서 만난 친구","9.77"
"1034","홈 스윗 홈","네식구 사는 이야기","9.85"
"1035","제 소원을 들어주세요!","중요한걸 잊고있었어","9.86"
"1036","헛어른","어른이라고 하기엔 아직 부족한 것 같고, 마냥 젊다고 하기엔 어느덧 적지 않은 나이. 그래서 때론 당황스럽기도 하고 서툴기도 한 우리들. ‘헛어른’은 그런 우리들의 이야기입니다.","9.85"
"1037","웰캄 투 실버라이프","할머니! 할아버지!","9.94"
"1038","선선한 이야기","프리랜선선","9.68"
"1039","일상견문록","다른나라 일상이야기","9.85"
"1040","아빠는 여섯 살","아빠 4컷 그림일기","9.94"
"1041","카나와 초나의 독일","독일 유학 생존기","9.89"
"1042","광해와 이순신","전쟁을 이긴 영웅들","9.60"
"1043","다 이아리","데이트폭력에 관하여","9.84"
"1044","식인귀","괴물이 보인다","9.77"
"1045","저승파견고용직","기묘한 만화","9.92"
"1046","검은 늑대","검은 늑대","9.87"
"1047","제목이 7080 만화","7080 이야기","9.90"
"1048","하루와 모레","일상 이야기 :)","9.68"
"1049","올어바웃 You","봉카의 외노자인생","9.87"
"1050","오픈했어요 <매직컬 마카롱>","마카롱가게에서~","9.91"
"1051","나도 옷 잘 입고 싶다","패고의 패션만화","9.92"
"1052","외국 in 한국","영국인의한국생활","9.87"
"1053","중딩툰","중딩이 그리는 웹툰","9.46"
"1054","파리스의 선택","그리스 신화 회귀물","9.93"
"1055","아옹아옹","두식이 냥육일기","9.92"
"1056","A - STUDENT(모범생)","사악한 본성","9.83"
"1057","이브의 꿈속친구","꿈에서 만난 친구","9.77"
"1058","홈 스윗 홈","네식구 사는 이야기","9.85"
"1059","제 소원을 들어주세요!","중요한걸 잊고있었어","9.86"
"1060","헛어른","어른이라고 하기엔 아직 부족한 것 같고, 마냥 젊다고 하기엔 어느덧 적지 않은 나이. 그래서 때론 당황스럽기도 하고 서툴기도 한 우리들. ‘헛어른’은 그런 우리들의 이야기입니다.","9.85"
"1061","웰캄 투 실버라이프","할머니! 할아버지!","9.94"
"1062","선선한 이야기","프리랜선선","9.68"
"1063","일상견문록","다른나라 일상이야기","9.85"
"1064","아빠는 여섯 살","아빠 4컷 그림일기","9.94"
"1065","카나와 초나의 독일","독일 유학 생존기","9.89"
"1066","광해와 이순신","전쟁을 이긴 영웅들","9.60"
"1067","다 이아리","데이트폭력에 관하여","9.84"
"1068","식인귀","괴물이 보인다","9.77"
"1069","저승파견고용직","기묘한 만화","9.92"
"1070","검은 늑대","검은 늑대","9.87"
"1071","제목이 7080 만화","7080 이야기","9.90"
"1072","하루와 모레","일상 이야기 :)","9.68"
"1073","올어바웃 You","봉카의 외노자인생","9.87"
"1074","오픈했어요 <매직컬 마카롱>","마카롱가게에서~","9.91"
"1075","나도 옷 잘 입고 싶다","패고의 패션만화","9.92"
"1076","외국 in 한국","영국인의한국생활","9.87"
"1077","중딩툰","중딩이 그리는 웹툰","9.46"
"1078","파리스의 선택","그리스 신화 회귀물","9.93"
"1079","아옹아옹","두식이 냥육일기","9.92"
"1080","A - STUDENT(모범생)","사악한 본성","9.83"
"1081","이브의 꿈속친구","꿈에서 만난 친구","9.77"
"1082","홈 스윗 홈","네식구 사는 이야기","9.85"
"1083","제 소원을 들어주세요!","중요한걸 잊고있었어","9.86"
"1084","헛어른","어른이라고 하기엔 아직 부족한 것 같고, 마냥 젊다고 하기엔 어느덧 적지 않은 나이. 그래서 때론 당황스럽기도 하고 서툴기도 한 우리들. ‘헛어른’은 그런 우리들의 이야기입니다.","9.85"
"1085","웰캄 투 실버라이프","할머니! 할아버지!","9.94"
"1086","선선한 이야기","프리랜선선","9.68"
"1087","일상견문록","다른나라 일상이야기","9.85"
"1088","아빠는 여섯 살","아빠 4컷 그림일기","9.94"
"1089","카나와 초나의 독일","독일 유학 생존기","9.89"
"1090","광해와 이순신","전쟁을 이긴 영웅들","9.60"
"1091","다 이아리","데이트폭력에 관하여","9.84"
"1092","식인귀","괴물이 보인다","9.77"
"1093","저승파견고용직","기묘한 만화","9.92"
"1094","검은 늑대","검은 늑대","9.87"
"1095","제목이 7080 만화","7080 이야기","9.90"
"1096","하루와 모레","일상 이야기 :)","9.68"
"1097","올어바웃 You","봉카의 외노자인생","9.87"
"1098","오픈했어요 <매직컬 마카롱>","마카롱가게에서~","9.91"
"1099","나도 옷 잘 입고 싶다","패고의 패션만화","9.92"
"1100","외국 in 한국","영국인의한국생활","9.87"
"1101","중딩툰","중딩이 그리는 웹툰","9.46"
"1102","파리스의 선택","그리스 신화 회귀물","9.93"
"1103","아옹아옹","두식이 냥육일기","9.92"
"1104","A - STUDENT(모범생)","사악한 본성","9.83"
"1105","이브의 꿈속친구","꿈에서 만난 친구","9.77"
"1106","홈 스윗 홈","네식구 사는 이야기","9.85"
"1107","제 소원을 들어주세요!","중요한걸 잊고있었어","9.86"
"1108","헛어른","어른이라고 하기엔 아직 부족한 것 같고, 마냥 젊다고 하기엔 어느덧 적지 않은 나이. 그래서 때론 당황스럽기도 하고 서툴기도 한 우리들. ‘헛어른’은 그런 우리들의 이야기입니다.","9.85"
"1109","웰캄 투 실버라이프","할머니! 할아버지!","9.94"
"1110","선선한 이야기","프리랜선선","9.68"
"1111","일상견문록","다른나라 일상이야기","9.85"
"1112","아빠는 여섯 살","아빠 4컷 그림일기","9.94"
"1113","카나와 초나의 독일","독일 유학 생존기","9.89"
"1114","광해와 이순신","전쟁을 이긴 영웅들","9.60"
"1115","다 이아리","데이트폭력에 관하여","9.84"
"1116","식인귀","괴물이 보인다","9.77"
"1117","저승파견고용직","기묘한 만화","9.92"
"1118","검은 늑대","검은 늑대","9.87"
"1119","제목이 7080 만화","7080 이야기","9.90"
"1120","하루와 모레","일상 이야기 :)","9.68"
"1121","올어바웃 You","봉카의 외노자인생","9.87"
"1122","오픈했어요 <매직컬 마카롱>","마카롱가게에서~","9.91"
"1123","나도 옷 잘 입고 싶다","패고의 패션만화","9.92"
"1124","외국 in 한국","영국인의한국생활","9.87"
"1125","중딩툰","중딩이 그리는 웹툰","9.46"
"1126","파리스의 선택","그리스 신화 회귀물","9.93"
"1127","아옹아옹","두식이 냥육일기","9.92"
"1128","A - STUDENT(모범생)","사악한 본성","9.83"
"1129","이브의 꿈속친구","꿈에서 만난 친구","9.77"
"1130","홈 스윗 홈","네식구 사는 이야기","9.85"
"1131","제 소원을 들어주세요!","중요한걸 잊고있었어","9.86"
"1132","헛어른","어른이라고 하기엔 아직 부족한 것 같고, 마냥 젊다고 하기엔 어느덧 적지 않은 나이. 그래서 때론 당황스럽기도 하고 서툴기도 한 우리들. ‘헛어른’은 그런 우리들의 이야기입니다.","9.85"
"1133","웰캄 투 실버라이프","할머니! 할아버지!","9.94"
"1134","선선한 이야기","프리랜선선","9.68"
"1135","일상견문록","다른나라 일상이야기","9.85"
"1136","아빠는 여섯 살","아빠 4컷 그림일기","9.94"
"1137","카나와 초나의 독일","독일 유학 생존기","9.89"
"1138","광해와 이순신","전쟁을 이긴 영웅들","9.60"
"1139","다 이아리","데이트폭력에 관하여","9.84"
"1140","식인귀","괴물이 보인다","9.77"
"1141","저승파견고용직","기묘한 만화","9.92"
"1142","검은 늑대","검은 늑대","9.87"
"1143","제목이 7080 만화","7080 이야기","9.90"
"1144","하루와 모레","일상 이야기 :)","9.68"
"1145","올어바웃 You","봉카의 외노자인생","9.87"
"1146","오픈했어요 <매직컬 마카롱>","마카롱가게에서~","9.91"
"1147","나도 옷 잘 입고 싶다","패고의 패션만화","9.92"
"1148","외국 in 한국","영국인의한국생활","9.87"
"1149","중딩툰","중딩이 그리는 웹툰","9.46"
"1150","파리스의 선택","그리스 신화 회귀물","9.93"
"1151","아옹아옹","두식이 냥육일기","9.92"
"1152","A - STUDENT(모범생)","사악한 본성","9.83"
"1153","이브의 꿈속친구","꿈에서 만난 친구","9.77"
"1154","홈 스윗 홈","네식구 사는 이야기","9.85"
"1155","제 소원을 들어주세요!","중요한걸 잊고있었어","9.86"
"1156","헛어른","어른이라고 하기엔 아직 부족한 것 같고, 마냥 젊다고 하기엔 어느덧 적지 않은 나이. 그래서 때론 당황스럽기도 하고 서툴기도 한 우리들. ‘헛어른’은 그런 우리들의 이야기입니다.","9.85"
"1157","웰캄 투 실버라이프","할머니! 할아버지!","9.94"
"1158","선선한 이야기","프리랜선선","9.68"
"1159","일상견문록","다른나라 일상이야기","9.85"
"1160","아빠는 여섯 살","아빠 4컷 그림일기","9.94"
"1161","카나와 초나의 독일","독일 유학 생존기","9.89"
"1162","광해와 이순신","전쟁을 이긴 영웅들","9.60"
"1163","다 이아리","데이트폭력에 관하여","9.84"
"1164","식인귀","괴물이 보인다","9.77"
"1165","저승파견고용직","기묘한 만화","9.92"
"1166","검은 늑대","검은 늑대","9.87"
"1167","제목이 7080 만화","7080 이야기","9.90"
"1168","하루와 모레","일상 이야기 :)","9.68"
"1169","올어바웃 You","봉카의 외노자인생","9.87"
"1170","오픈했어요 <매직컬 마카롱>","마카롱가게에서~","9.91"
"1171","나도 옷 잘 입고 싶다","패고의 패션만화","9.92"
"1172","외국 in 한국","영국인의한국생활","9.87"
"1173","중딩툰","중딩이 그리는 웹툰","9.46"
"1174","파리스의 선택","그리스 신화 회귀물","9.93"
"1175","아옹아옹","두식이 냥육일기","9.92"
"1176","A - STUDENT(모범생)","사악한 본성","9.83"
"1177","이브의 꿈속친구","꿈에서 만난 친구","9.77"
"1178","홈 스윗 홈","네식구 사는 이야기","9.85"
"1179","제 소원을 들어주세요!","중요한걸 잊고있었어","9.86"
"1180","헛어른","어른이라고 하기엔 아직 부족한 것 같고, 마냥 젊다고 하기엔 어느덧 적지 않은 나이. 그래서 때론 당황스럽기도 하고 서툴기도 한 우리들. ‘헛어른’은 그런 우리들의 이야기입니다.","9.85"
"1181","웰캄 투 실버라이프","할머니! 할아버지!","9.94"
"1182","선선한 이야기","프리랜선선","9.68"
"1183","일상견문록","다른나라 일상이야기","9.85"
"1184","아빠는 여섯 살","아빠 4컷 그림일기","9.94"
"1185","카나와 초나의 독일","독일 유학 생존기","9.89"
"1186","광해와 이순신","전쟁을 이긴 영웅들","9.60"
"1187","다 이아리","데이트폭력에 관하여","9.84"
"1188","식인귀","괴물이 보인다","9.77"
"1189","저승파견고용직","기묘한 만화","9.92"
"1190","검은 늑대","검은 늑대","9.87"
"1191","제목이 7080 만화","7080 이야기","9.90"
"1192","하루와 모레","일상 이야기 :)","9.68"
"1193","올어바웃 You","봉카의 외노자인생","9.87"
"1194","오픈했어요 <매직컬 마카롱>","마카롱가게에서~","9.91"
"1195","나도 옷 잘 입고 싶다","패고의 패션만화","9.92"
"1196","외국 in 한국","영국인의한국생활","9.87"
"1197","중딩툰","중딩이 그리는 웹툰","9.46"
"1198","파리스의 선택","그리스 신화 회귀물","9.93"
"1199","아옹아옹","두식이 냥육일기","9.92"
"1200","A - STUDENT(모범생)","사악한 본성","9.83"
"1201","이브의 꿈속친구","꿈에서 만난 친구","9.77"
"1202","홈 스윗 홈","네식구 사는 이야기","9.85"
"1203","제 소원을 들어주세요!","중요한걸 잊고있었어","9.86"
"1204","헛어른","어른이라고 하기엔 아직 부족한 것 같고, 마냥 젊다고 하기엔 어느덧 적지 않은 나이. 그래서 때론 당황스럽기도 하고 서툴기도 한 우리들. ‘헛어른’은 그런 우리들의 이야기입니다.","9.85"
"1205","웰캄 투 실버라이프","할머니! 할아버지!","9.94"
"1206","선선한 이야기","프리랜선선","9.68"
"1207","일상견문록","다른나라 일상이야기","9.85"
"1208","아빠는 여섯 살","아빠 4컷 그림일기","9.94"
"1209","카나와 초나의 독일","독일 유학 생존기","9.89"
"1210","광해와 이순신","전쟁을 이긴 영웅들","9.60"
"1211","다 이아리","데이트폭력에 관하여","9.84"
"1212","식인귀","괴물이 보인다","9.77"
"1213","저승파견고용직","기묘한 만화","9.92"
"1214","검은 늑대","검은 늑대","9.87"
"1215","제목이 7080 만화","7080 이야기","9.90"
"1216","하루와 모레","일상 이야기 :)","9.68"
"1217","올어바웃 You","봉카의 외노자인생","9.87"
"1218","오픈했어요 <매직컬 마카롱>","마카롱가게에서~","9.91"
"1219","나도 옷 잘 입고 싶다","패고의 패션만화","9.92"
"1220","외국 in 한국","영국인의한국생활","9.87"
"1221","중딩툰","중딩이 그리는 웹툰","9.46"
"1222","파리스의 선택","그리스 신화 회귀물","9.93"
"1223","아옹아옹","두식이 냥육일기","9.92"
"1224","A - STUDENT(모범생)","사악한 본성","9.83"
"1225","이브의 꿈속친구","꿈에서 만난 친구","9.77"
"1226","홈 스윗 홈","네식구 사는 이야기","9.85"
"1227","제 소원을 들어주세요!","중요한걸 잊고있었어","9.86"
"1228","헛어른","어른이라고 하기엔 아직 부족한 것 같고, 마냥 젊다고 하기엔 어느덧 적지 않은 나이. 그래서 때론 당황스럽기도 하고 서툴기도 한 우리들. ‘헛어른’은 그런 우리들의 이야기입니다.","9.85"
"1229","웰캄 투 실버라이프","할머니! 할아버지!","9.94"
"1230","선선한 이야기","프리랜선선","9.68"
"1231","일상견문록","다른나라 일상이야기","9.85"
"1232","아빠는 여섯 살","아빠 4컷 그림일기","9.94"
"1233","카나와 초나의 독일","독일 유학 생존기","9.89"
"1234","광해와 이순신","전쟁을 이긴 영웅들","9.60"
"1235","다 이아리","데이트폭력에 관하여","9.84"
"1236","식인귀","괴물이 보인다","9.77"
"1237","저승파견고용직","기묘한 만화","9.92"
"1238","검은 늑대","검은 늑대","9.87"
"1239","제목이 7080 만화","7080 이야기","9.90"
"1240","하루와 모레","일상 이야기 :)","9.68"
"1241","올어바웃 You","봉카의 외노자인생","9.87"
"1242","오픈했어요 <매직컬 마카롱>","마카롱가게에서~","9.91"
"1243","나도 옷 잘 입고 싶다","패고의 패션만화","9.92"
"1244","외국 in 한국","영국인의한국생활","9.87"
"1245","중딩툰","중딩이 그리는 웹툰","9.46"
"1246","파리스의 선택","그리스 신화 회귀물","9.93"
"1247","아옹아옹","두식이 냥육일기","9.92"
"1248","A - STUDENT(모범생)","사악한 본성","9.83"
"1249","이브의 꿈속친구","꿈에서 만난 친구","9.77"
"1250","홈 스윗 홈","네식구 사는 이야기","9.85"
"1251","제 소원을 들어주세요!","중요한걸 잊고있었어","9.86"
"1252","헛어른","어른이라고 하기엔 아직 부족한 것 같고, 마냥 젊다고 하기엔 어느덧 적지 않은 나이. 그래서 때론 당황스럽기도 하고 서툴기도 한 우리들. ‘헛어른’은 그런 우리들의 이야기입니다.","9.85"
"1253","웰캄 투 실버라이프","할머니! 할아버지!","9.94"
"1254","선선한 이야기","프리랜선선","9.68"
"1255","일상견문록","다른나라 일상이야기","9.85"
"1256","아빠는 여섯 살","아빠 4컷 그림일기","9.94"
"1257","카나와 초나의 독일","독일 유학 생존기","9.89"
"1258","광해와 이순신","전쟁을 이긴 영웅들","9.60"
"1259","다 이아리","데이트폭력에 관하여","9.84"
"1260","식인귀","괴물이 보인다","9.77"
"1261","저승파견고용직","기묘한 만화","9.92"
"1262","검은 늑대","검은 늑대","9.87"
"1263","제목이 7080 만화","7080 이야기","9.90"
"1264","하루와 모레","일상 이야기 :)","9.68"
"1265","올어바웃 You","봉카의 외노자인생","9.87"
"1266","오픈했어요 <매직컬 마카롱>","마카롱가게에서~","9.91"
"1267","나도 옷 잘 입고 싶다","패고의 패션만화","9.92"
"1268","외국 in 한국","영국인의한국생활","9.87"
"1269","중딩툰","중딩이 그리는 웹툰","9.46"
"1270","파리스의 선택","그리스 신화 회귀물","9.93"
"1271","아옹아옹","두식이 냥육일기","9.92"
"1272","A - STUDENT(모범생)","사악한 본성","9.83"
"1273","이브의 꿈속친구","꿈에서 만난 친구","9.77"
"1274","홈 스윗 홈","네식구 사는 이야기","9.85"
"1275","제 소원을 들어주세요!","중요한걸 잊고있었어","9.86"
"1276","헛어른","어른이라고 하기엔 아직 부족한 것 같고, 마냥 젊다고 하기엔 어느덧 적지 않은 나이. 그래서 때론 당황스럽기도 하고 서툴기도 한 우리들. ‘헛어른’은 그런 우리들의 이야기입니다.","9.85"
"1277","웰캄 투 실버라이프","할머니! 할아버지!","9.94"
"1278","선선한 이야기","프리랜선선","9.68"
"1279","일상견문록","다른나라 일상이야기","9.85"
"1280","아빠는 여섯 살","아빠 4컷 그림일기","9.94"
"1281","카나와 초나의 독일","독일 유학 생존기","9.89"
"1282","광해와 이순신","전쟁을 이긴 영웅들","9.60"
"1283","다 이아리","데이트폭력에 관하여","9.84"
"1284","식인귀","괴물이 보인다","9.77"
"1285","저승파견고용직","기묘한 만화","9.92"
"1286","검은 늑대","검은 늑대","9.87"
"1287","제목이 7080 만화","7080 이야기","9.90"
"1288","하루와 모레","일상 이야기 :)","9.68"
"1289","올어바웃 You","봉카의 외노자인생","9.87"
"1290","오픈했어요 <매직컬 마카롱>","마카롱가게에서~","9.91"
"1291","나도 옷 잘 입고 싶다","패고의 패션만화","9.92"
"1292","외국 in 한국","영국인의한국생활","9.87"
"1293","중딩툰","중딩이 그리는 웹툰","9.46"
"1294","파리스의 선택","그리스 신화 회귀물","9.93"
"1295","아옹아옹","두식이 냥육일기","9.92"
"1296","A - STUDENT(모범생)","사악한 본성","9.83"
"1297","이브의 꿈속친구","꿈에서 만난 친구","9.77"
"1298","홈 스윗 홈","네식구 사는 이야기","9.85"
"1299","제 소원을 들어주세요!","중요한걸 잊고있었어","9.86"
"1300","헛어른","어른이라고 하기엔 아직 부족한 것 같고, 마냥 젊다고 하기엔 어느덧 적지 않은 나이. 그래서 때론 당황스럽기도 하고 서툴기도 한 우리들. ‘헛어른’은 그런 우리들의 이야기입니다.","9.85"
"1301","웰캄 투 실버라이프","할머니! 할아버지!","9.94"
"1302","선선한 이야기","프리랜선선","9.68"
"1303","일상견문록","다른나라 일상이야기","9.85"
"1304","아빠는 여섯 살","아빠 4컷 그림일기","9.94"
"1305","카나와 초나의 독일","독일 유학 생존기","9.89"
"1306","광해와 이순신","전쟁을 이긴 영웅들","9.60"
"1307","다 이아리","데이트폭력에 관하여","9.84"
"1308","식인귀","괴물이 보인다","9.77"
"1309","저승파견고용직","기묘한 만화","9.92"
"1310","검은 늑대","검은 늑대","9.87"
"1311","제목이 7080 만화","7080 이야기","9.90"
"1312","하루와 모레","일상 이야기 :)","9.68"
"1313","올어바웃 You","봉카의 외노자인생","9.87"
"1314","오픈했어요 <매직컬 마카롱>","마카롱가게에서~","9.91"
"1315","나도 옷 잘 입고 싶다","패고의 패션만화","9.92"
"1316","외국 in 한국","영국인의한국생활","9.87"
"1317","중딩툰","중딩이 그리는 웹툰","9.46"
"1318","파리스의 선택","그리스 신화 회귀물","9.93"
"1319","아옹아옹","두식이 냥육일기","9.92"
"1320","A - STUDENT(모범생)","사악한 본성","9.83"
"1321","이브의 꿈속친구","꿈에서 만난 친구","9.77"
"1322","홈 스윗 홈","네식구 사는 이야기","9.85"
"1323","제 소원을 들어주세요!","중요한걸 잊고있었어","9.86"
"1324","헛어른","어른이라고 하기엔 아직 부족한 것 같고, 마냥 젊다고 하기엔 어느덧 적지 않은 나이. 그래서 때론 당황스럽기도 하고 서툴기도 한 우리들. ‘헛어른’은 그런 우리들의 이야기입니다.","9.85"
"1325","웰캄 투 실버라이프","할머니! 할아버지!","9.94"
"1326","선선한 이야기","프리랜선선","9.68"
"1327","일상견문록","다른나라 일상이야기","9.85"
"1328","아빠는 여섯 살","아빠 4컷 그림일기","9.94"
"1329","카나와 초나의 독일","독일 유학 생존기","9.89"
"1330","광해와 이순신","전쟁을 이긴 영웅들","9.60"
"1331","다 이아리","데이트폭력에 관하여","9.84"
"1332","식인귀","괴물이 보인다","9.77"
"1333","저승파견고용직","기묘한 만화","9.92"
"1334","검은 늑대","검은 늑대","9.87"
"1335","제목이 7080 만화","7080 이야기","9.90"
"1336","하루와 모레","일상 이야기 :)","9.68"
"1337","올어바웃 You","봉카의 외노자인생","9.87"
"1338","오픈했어요 <매직컬 마카롱>","마카롱가게에서~","9.91"
"1339","나도 옷 잘 입고 싶다","패고의 패션만화","9.92"
"1340","외국 in 한국","영국인의한국생활","9.87"
"1341","중딩툰","중딩이 그리는 웹툰","9.46"
"1342","파리스의 선택","그리스 신화 회귀물","9.93"
"1343","아옹아옹","두식이 냥육일기","9.92"
"1344","A - STUDENT(모범생)","사악한 본성","9.83"
"1345","이브의 꿈속친구","꿈에서 만난 친구","9.77"
"1346","홈 스윗 홈","네식구 사는 이야기","9.85"
"1347","제 소원을 들어주세요!","중요한걸 잊고있었어","9.86"
"1348","헛어른","어른이라고 하기엔 아직 부족한 것 같고, 마냥 젊다고 하기엔 어느덧 적지 않은 나이. 그래서 때론 당황스럽기도 하고 서툴기도 한 우리들. ‘헛어른’은 그런 우리들의 이야기입니다.","9.85"
"1349","웰캄 투 실버라이프","할머니! 할아버지!","9.94"
"1350","선선한 이야기","프리랜선선","9.68"
"1351","일상견문록","다른나라 일상이야기","9.85"
"1352","아빠는 여섯 살","아빠 4컷 그림일기","9.94"
"1353","카나와 초나의 독일","독일 유학 생존기","9.89"
"1354","광해와 이순신","전쟁을 이긴 영웅들","9.60"
"1355","다 이아리","데이트폭력에 관하여","9.84"
"1356","식인귀","괴물이 보인다","9.77"
"1357","저승파견고용직","기묘한 만화","9.92"
"1358","검은 늑대","검은 늑대","9.87"
"1359","제목이 7080 만화","7080 이야기","9.90"
"1360","하루와 모레","일상 이야기 :)","9.68"
"1361","올어바웃 You","봉카의 외노자인생","9.87"
"1362","오픈했어요 <매직컬 마카롱>","마카롱가게에서~","9.91"
"1363","나도 옷 잘 입고 싶다","패고의 패션만화","9.92"
"1364","외국 in 한국","영국인의한국생활","9.87"
"1365","중딩툰","중딩이 그리는 웹툰","9.46"
"1366","파리스의 선택","그리스 신화 회귀물","9.93"
"1367","아옹아옹","두식이 냥육일기","9.92"
"1368","A - STUDENT(모범생)","사악한 본성","9.83"
"1369","이브의 꿈속친구","꿈에서 만난 친구","9.77"
"1370","홈 스윗 홈","네식구 사는 이야기","9.85"
"1371","제 소원을 들어주세요!","중요한걸 잊고있었어","9.86"
"1372","헛어른","어른이라고 하기엔 아직 부족한 것 같고, 마냥 젊다고 하기엔 어느덧 적지 않은 나이. 그래서 때론 당황스럽기도 하고 서툴기도 한 우리들. ‘헛어른’은 그런 우리들의 이야기입니다.","9.85"
"1373","웰캄 투 실버라이프","할머니! 할아버지!","9.94"
"1374","선선한 이야기","프리랜선선","9.68"
"1375","일상견문록","다른나라 일상이야기","9.85"
"1376","아빠는 여섯 살","아빠 4컷 그림일기","9.94"
"1377","카나와 초나의 독일","독일 유학 생존기","9.89"
"1378","광해와 이순신","전쟁을 이긴 영웅들","9.60"
"1379","다 이아리","데이트폭력에 관하여","9.84"
"1380","식인귀","괴물이 보인다","9.77"
"1381","저승파견고용직","기묘한 만화","9.92"
"1382","검은 늑대","검은 늑대","9.87"
"1383","제목이 7080 만화","7080 이야기","9.90"
"1384","하루와 모레","일상 이야기 :)","9.68"
"1385","올어바웃 You","봉카의 외노자인생","9.87"
"1386","오픈했어요 <매직컬 마카롱>","마카롱가게에서~","9.91"
"1387","나도 옷 잘 입고 싶다","패고의 패션만화","9.92"
"1388","외국 in 한국","영국인의한국생활","9.87"
"1389","중딩툰","중딩이 그리는 웹툰","9.46"
"1390","파리스의 선택","그리스 신화 회귀물","9.93"
"1391","아옹아옹","두식이 냥육일기","9.92"
"1392","A - STUDENT(모범생)","사악한 본성","9.83"
"1393","이브의 꿈속친구","꿈에서 만난 친구","9.77"
"1394","홈 스윗 홈","네식구 사는 이야기","9.85"
"1395","제 소원을 들어주세요!","중요한걸 잊고있었어","9.86"
"1396","헛어른","어른이라고 하기엔 아직 부족한 것 같고, 마냥 젊다고 하기엔 어느덧 적지 않은 나이. 그래서 때론 당황스럽기도 하고 서툴기도 한 우리들. ‘헛어른’은 그런 우리들의 이야기입니다.","9.85"
"1397","웰캄 투 실버라이프","할머니! 할아버지!","9.94"
"1398","선선한 이야기","프리랜선선","9.68"
"1399","일상견문록","다른나라 일상이야기","9.85"
"1400","아빠는 여섯 살","아빠 4컷 그림일기","9.94"
"1401","카나와 초나의 독일","독일 유학 생존기","9.89"
"1402","광해와 이순신","전쟁을 이긴 영웅들","9.60"
"1403","다 이아리","데이트폭력에 관하여","9.84"
"1404","식인귀","괴물이 보인다","9.77"
"1405","저승파견고용직","기묘한 만화","9.92"
"1406","검은 늑대","검은 늑대","9.87"
"1407","제목이 7080 만화","7080 이야기","9.90"
"1408","하루와 모레","일상 이야기 :)","9.68"
"1409","올어바웃 You","봉카의 외노자인생","9.87"
"1410","오픈했어요 <매직컬 마카롱>","마카롱가게에서~","9.91"
"1411","나도 옷 잘 입고 싶다","패고의 패션만화","9.92"
"1412","외국 in 한국","영국인의한국생활","9.87"
"1413","중딩툰","중딩이 그리는 웹툰","9.46"
"1414","파리스의 선택","그리스 신화 회귀물","9.93"
"1415","아옹아옹","두식이 냥육일기","9.92"
"1416","A - STUDENT(모범생)","사악한 본성","9.83"
"1417","이브의 꿈속친구","꿈에서 만난 친구","9.77"
"1418","홈 스윗 홈","네식구 사는 이야기","9.85"
"1419","제 소원을 들어주세요!","중요한걸 잊고있었어","9.86"
"1420","헛어른","어른이라고 하기엔 아직 부족한 것 같고, 마냥 젊다고 하기엔 어느덧 적지 않은 나이. 그래서 때론 당황스럽기도 하고 서툴기도 한 우리들. ‘헛어른’은 그런 우리들의 이야기입니다.","9.85"
"1421","웰캄 투 실버라이프","할머니! 할아버지!","9.94"
"1422","선선한 이야기","프리랜선선","9.68"
"1423","일상견문록","다른나라 일상이야기","9.85"
"1424","아빠는 여섯 살","아빠 4컷 그림일기","9.94"
"1425","카나와 초나의 독일","독일 유학 생존기","9.89"
"1426","광해와 이순신","전쟁을 이긴 영웅들","9.60"
"1427","다 이아리","데이트폭력에 관하여","9.84"
"1428","식인귀","괴물이 보인다","9.77"
"1429","저승파견고용직","기묘한 만화","9.92"
"1430","검은 늑대","검은 늑대","9.87"
"1431","제목이 7080 만화","7080 이야기","9.90"
"1432","하루와 모레","일상 이야기 :)","9.68"
"1433","올어바웃 You","봉카의 외노자인생","9.87"
"1434","오픈했어요 <매직컬 마카롱>","마카롱가게에서~","9.91"
"1435","나도 옷 잘 입고 싶다","패고의 패션만화","9.92"
"1436","외국 in 한국","영국인의한국생활","9.87"
"1437","중딩툰","중딩이 그리는 웹툰","9.46"
"1438","파리스의 선택","그리스 신화 회귀물","9.93"
"1439","아옹아옹","두식이 냥육일기","9.92"
"1440","A - STUDENT(모범생)","사악한 본성","9.83"
"1441","이브의 꿈속친구","꿈에서 만난 친구","9.77"
"1442","홈 스윗 홈","네식구 사는 이야기","9.85"
"1443","제 소원을 들어주세요!","중요한걸 잊고있었어","9.86"
"1444","헛어른","어른이라고 하기엔 아직 부족한 것 같고, 마냥 젊다고 하기엔 어느덧 적지 않은 나이. 그래서 때론 당황스럽기도 하고 서툴기도 한 우리들. ‘헛어른’은 그런 우리들의 이야기입니다.","9.85"
"1445","웰캄 투 실버라이프","할머니! 할아버지!","9.94"
"1446","선선한 이야기","프리랜선선","9.68"
"1447","일상견문록","다른나라 일상이야기","9.85"
"1448","아빠는 여섯 살","아빠 4컷 그림일기","9.94"
"1449","카나와 초나의 독일","독일 유학 생존기","9.89"
"1450","광해와 이순신","전쟁을 이긴 영웅들","9.60"
"1451","다 이아리","데이트폭력에 관하여","9.84"
"1452","식인귀","괴물이 보인다","9.77"
"1453","저승파견고용직","기묘한 만화","9.92"
"1454","검은 늑대","검은 늑대","9.87"
"1455","제목이 7080 만화","7080 이야기","9.90"
"1456","하루와 모레","일상 이야기 :)","9.68"
"1457","올어바웃 You","봉카의 외노자인생","9.87"
"1458","오픈했어요 <매직컬 마카롱>","마카롱가게에서~","9.91"
"1459","나도 옷 잘 입고 싶다","패고의 패션만화","9.92"
"1460","외국 in 한국","영국인의한국생활","9.87"
"1461","중딩툰","중딩이 그리는 웹툰","9.46"
"1462","파리스의 선택","그리스 신화 회귀물","9.93"
"1463","아옹아옹","두식이 냥육일기","9.92"
"1464","A - STUDENT(모범생)","사악한 본성","9.83"
"1465","이브의 꿈속친구","꿈에서 만난 친구","9.77"
"1466","홈 스윗 홈","네식구 사는 이야기","9.85"
"1467","제 소원을 들어주세요!","중요한걸 잊고있었어","9.86"
"1468","헛어른","어른이라고 하기엔 아직 부족한 것 같고, 마냥 젊다고 하기엔 어느덧 적지 않은 나이. 그래서 때론 당황스럽기도 하고 서툴기도 한 우리들. ‘헛어른’은 그런 우리들의 이야기입니다.","9.85"
"1469","웰캄 투 실버라이프","할머니! 할아버지!","9.94"
"1470","선선한 이야기","프리랜선선","9.68"
"1471","일상견문록","다른나라 일상이야기","9.85"
"1472","아빠는 여섯 살","아빠 4컷 그림일기","9.94"
"1473","카나와 초나의 독일","독일 유학 생존기","9.89"
"1474","광해와 이순신","전쟁을 이긴 영웅들","9.60"
"1475","다 이아리","데이트폭력에 관하여","9.84"
"1476","식인귀","괴물이 보인다","9.77"
"1477","저승파견고용직","기묘한 만화","9.92"
"1478","검은 늑대","검은 늑대","9.87"
"1479","제목이 7080 만화","7080 이야기","9.90"
"1480","하루와 모레","일상 이야기 :)","9.68"
"1481","올어바웃 You","봉카의 외노자인생","9.87"
"1482","오픈했어요 <매직컬 마카롱>","마카롱가게에서~","9.91"
"1483","나도 옷 잘 입고 싶다","패고의 패션만화","9.92"
"1484","외국 in 한국","영국인의한국생활","9.87"
"1485","중딩툰","중딩이 그리는 웹툰","9.46"
"1486","파리스의 선택","그리스 신화 회귀물","9.93"
"1487","아옹아옹","두식이 냥육일기","9.92"
"1488","A - STUDENT(모범생)","사악한 본성","9.83"
"1489","이브의 꿈속친구","꿈에서 만난 친구","9.77"
"1490","홈 스윗 홈","네식구 사는 이야기","9.85"
"1491","제 소원을 들어주세요!","중요한걸 잊고있었어","9.86"
"1492","헛어른","어른이라고 하기엔 아직 부족한 것 같고, 마냥 젊다고 하기엔 어느덧 적지 않은 나이. 그래서 때론 당황스럽기도 하고 서툴기도 한 우리들. ‘헛어른’은 그런 우리들의 이야기입니다.","9.85"
"1493","웰캄 투 실버라이프","할머니! 할아버지!","9.94"
"1494","선선한 이야기","프리랜선선","9.68"
"1495","일상견문록","다른나라 일상이야기","9.85"
"1496","아빠는 여섯 살","아빠 4컷 그림일기","9.94"
"1497","카나와 초나의 독일","독일 유학 생존기","9.89"
"1498","광해와 이순신","전쟁을 이긴 영웅들","9.60"
"1499","다 이아리","데이트폭력에 관하여","9.84"
"1500","식인귀","괴물이 보인다","9.77"
"1501","저승파견고용직","기묘한 만화","9.92"
"1502","검은 늑대","검은 늑대","9.87"
"1503","제목이 7080 만화","7080 이야기","9.90"
"1504","하루와 모레","일상 이야기 :)","9.68"
"1505","올어바웃 You","봉카의 외노자인생","9.87"
"1506","오픈했어요 <매직컬 마카롱>","마카롱가게에서~","9.91"
"1507","나도 옷 잘 입고 싶다","패고의 패션만화","9.92"
"1508","외국 in 한국","영국인의한국생활","9.87"
"1509","중딩툰","중딩이 그리는 웹툰","9.46"
"1510","파리스의 선택","그리스 신화 회귀물","9.93"
"1511","아옹아옹","두식이 냥육일기","9.92"
"1512","A - STUDENT(모범생)","사악한 본성","9.83"
"1513","이브의 꿈속친구","꿈에서 만난 친구","9.77"
"1514","홈 스윗 홈","네식구 사는 이야기","9.85"
"1515","제 소원을 들어주세요!","중요한걸 잊고있었어","9.86"
"1516","헛어른","어른이라고 하기엔 아직 부족한 것 같고, 마냥 젊다고 하기엔 어느덧 적지 않은 나이. 그래서 때론 당황스럽기도 하고 서툴기도 한 우리들. ‘헛어른’은 그런 우리들의 이야기입니다.","9.85"
"1517","웰캄 투 실버라이프","할머니! 할아버지!","9.94"
"1518","선선한 이야기","프리랜선선","9.68"
"1519","일상견문록","다른나라 일상이야기","9.85"
"1520","아빠는 여섯 살","아빠 4컷 그림일기","9.94"
"1521","카나와 초나의 독일","독일 유학 생존기","9.89"
"1522","광해와 이순신","전쟁을 이긴 영웅들","9.60"
"1523","다 이아리","데이트폭력에 관하여","9.84"
"1524","식인귀","괴물이 보인다","9.77"
"1525","저승파견고용직","기묘한 만화","9.92"
"1526","검은 늑대","검은 늑대","9.87"
"1527","제목이 7080 만화","7080 이야기","9.90"
"1528","하루와 모레","일상 이야기 :)","9.68"
"1529","올어바웃 You","봉카의 외노자인생","9.87"
"1530","오픈했어요 <매직컬 마카롱>","마카롱가게에서~","9.91"
"1531","나도 옷 잘 입고 싶다","패고의 패션만화","9.92"
"1532","외국 in 한국","영국인의한국생활","9.87"
"1533","중딩툰","중딩이 그리는 웹툰","9.46"
"1534","파리스의 선택","그리스 신화 회귀물","9.93"
"1535","아옹아옹","두식이 냥육일기","9.92"
"1536","A - STUDENT(모범생)","사악한 본성","9.83"
"1537","이브의 꿈속친구","꿈에서 만난 친구","9.77"
"1538","홈 스윗 홈","네식구 사는 이야기","9.85"
"1539","제 소원을 들어주세요!","중요한걸 잊고있었어","9.86"
"1540","헛어른","어른이라고 하기엔 아직 부족한 것 같고, 마냥 젊다고 하기엔 어느덧 적지 않은 나이. 그래서 때론 당황스럽기도 하고 서툴기도 한 우리들. ‘헛어른’은 그런 우리들의 이야기입니다.","9.85"
"1541","웰캄 투 실버라이프","할머니! 할아버지!","9.94"
"1542","선선한 이야기","프리랜선선","9.68"
"1543","일상견문록","다른나라 일상이야기","9.85"
"1544","아빠는 여섯 살","아빠 4컷 그림일기","9.94"
"1545","카나와 초나의 독일","독일 유학 생존기","9.89"
"1546","광해와 이순신","전쟁을 이긴 영웅들","9.60"
"1547","다 이아리","데이트폭력에 관하여","9.84"
"1548","식인귀","괴물이 보인다","9.77"
"1549","저승파견고용직","기묘한 만화","9.92"
"1550","검은 늑대","검은 늑대","9.87"
"1551","제목이 7080 만화","7080 이야기","9.90"
"1552","하루와 모레","일상 이야기 :)","9.68"
"1553","올어바웃 You","봉카의 외노자인생","9.87"
"1554","오픈했어요 <매직컬 마카롱>","마카롱가게에서~","9.91"
"1555","나도 옷 잘 입고 싶다","패고의 패션만화","9.92"
"1556","외국 in 한국","영국인의한국생활","9.87"
"1557","중딩툰","중딩이 그리는 웹툰","9.46"
"1558","파리스의 선택","그리스 신화 회귀물","9.93"
"1559","아옹아옹","두식이 냥육일기","9.92"
"1560","A - STUDENT(모범생)","사악한 본성","9.83"
"1561","이브의 꿈속친구","꿈에서 만난 친구","9.77"
"1562","홈 스윗 홈","네식구 사는 이야기","9.85"
"1563","제 소원을 들어주세요!","중요한걸 잊고있었어","9.86"
"1564","헛어른","어른이라고 하기엔 아직 부족한 것 같고, 마냥 젊다고 하기엔 어느덧 적지 않은 나이. 그래서 때론 당황스럽기도 하고 서툴기도 한 우리들. ‘헛어른’은 그런 우리들의 이야기입니다.","9.85"
"1565","웰캄 투 실버라이프","할머니! 할아버지!","9.94"
"1566","선선한 이야기","프리랜선선","9.68"
"1567","일상견문록","다른나라 일상이야기","9.85"
"1568","아빠는 여섯 살","아빠 4컷 그림일기","9.94"
"1569","카나와 초나의 독일","독일 유학 생존기","9.89"
"1570","광해와 이순신","전쟁을 이긴 영웅들","9.60"
"1571","다 이아리","데이트폭력에 관하여","9.84"
"1572","식인귀","괴물이 보인다","9.77"
"1573","저승파견고용직","기묘한 만화","9.92"
"1574","검은 늑대","검은 늑대","9.87"
"1575","제목이 7080 만화","7080 이야기","9.90"
"1576","하루와 모레","일상 이야기 :)","9.68"
"1577","올어바웃 You","봉카의 외노자인생","9.87"
"1578","오픈했어요 <매직컬 마카롱>","마카롱가게에서~","9.91"
"1579","나도 옷 잘 입고 싶다","패고의 패션만화","9.92"
"1580","외국 in 한국","영국인의한국생활","9.87"
"1581","중딩툰","중딩이 그리는 웹툰","9.46"
"1582","파리스의 선택","그리스 신화 회귀물","9.93"
"1583","아옹아옹","두식이 냥육일기","9.92"
"1584","A - STUDENT(모범생)","사악한 본성","9.83"
"1585","이브의 꿈속친구","꿈에서 만난 친구","9.77"
"1586","홈 스윗 홈","네식구 사는 이야기","9.85"
"1587","제 소원을 들어주세요!","중요한걸 잊고있었어","9.86"
"1588","헛어른","어른이라고 하기엔 아직 부족한 것 같고, 마냥 젊다고 하기엔 어느덧 적지 않은 나이. 그래서 때론 당황스럽기도 하고 서툴기도 한 우리들. ‘헛어른’은 그런 우리들의 이야기입니다.","9.85"
"1589","웰캄 투 실버라이프","할머니! 할아버지!","9.94"
"1590","선선한 이야기","프리랜선선","9.68"
"1591","일상견문록","다른나라 일상이야기","9.85"
"1592","아빠는 여섯 살","아빠 4컷 그림일기","9.94"
"1593","카나와 초나의 독일","독일 유학 생존기","9.89"
"1594","광해와 이순신","전쟁을 이긴 영웅들","9.60"
"1595","다 이아리","데이트폭력에 관하여","9.84"
"1596","식인귀","괴물이 보인다","9.77"
"1597","저승파견고용직","기묘한 만화","9.92"
"1598","검은 늑대","검은 늑대","9.87"
"1599","제목이 7080 만화","7080 이야기","9.90"
"1600","하루와 모레","일상 이야기 :)","9.68"
"1601","올어바웃 You","봉카의 외노자인생","9.87"
"1602","오픈했어요 <매직컬 마카롱>","마카롱가게에서~","9.91"
"1603","나도 옷 잘 입고 싶다","패고의 패션만화","9.92"
"1604","외국 in 한국","영국인의한국생활","9.87"
"1605","중딩툰","중딩이 그리는 웹툰","9.46"
"1606","파리스의 선택","그리스 신화 회귀물","9.93"
"1607","아옹아옹","두식이 냥육일기","9.92"
"1608","A - STUDENT(모범생)","사악한 본성","9.83"
"1609","이브의 꿈속친구","꿈에서 만난 친구","9.77"
"1610","홈 스윗 홈","네식구 사는 이야기","9.85"
"1611","제 소원을 들어주세요!","중요한걸 잊고있었어","9.86"
"1612","헛어른","어른이라고 하기엔 아직 부족한 것 같고, 마냥 젊다고 하기엔 어느덧 적지 않은 나이. 그래서 때론 당황스럽기도 하고 서툴기도 한 우리들. ‘헛어른’은 그런 우리들의 이야기입니다.","9.85"
"1613","웰캄 투 실버라이프","할머니! 할아버지!","9.94"
"1614","선선한 이야기","프리랜선선","9.68"
"1615","일상견문록","다른나라 일상이야기","9.85"
"1616","아빠는 여섯 살","아빠 4컷 그림일기","9.94"
"1617","카나와 초나의 독일","독일 유학 생존기","9.89"
"1618","광해와 이순신","전쟁을 이긴 영웅들","9.60"
"1619","다 이아리","데이트폭력에 관하여","9.84"
"1620","식인귀","괴물이 보인다","9.77"
"1621","저승파견고용직","기묘한 만화","9.92"
"1622","검은 늑대","검은 늑대","9.87"
"1623","제목이 7080 만화","7080 이야기","9.90"
"1624","하루와 모레","일상 이야기 :)","9.68"
"1625","올어바웃 You","봉카의 외노자인생","9.87"
"1626","오픈했어요 <매직컬 마카롱>","마카롱가게에서~","9.91"
"1627","나도 옷 잘 입고 싶다","패고의 패션만화","9.92"
"1628","외국 in 한국","영국인의한국생활","9.87"
"1629","중딩툰","중딩이 그리는 웹툰","9.46"
"1630","파리스의 선택","그리스 신화 회귀물","9.93"
"1631","아옹아옹","두식이 냥육일기","9.92"
"1632","A - STUDENT(모범생)","사악한 본성","9.83"
"1633","이브의 꿈속친구","꿈에서 만난 친구","9.77"
"1634","홈 스윗 홈","네식구 사는 이야기","9.85"
"1635","제 소원을 들어주세요!","중요한걸 잊고있었어","9.86"
"1636","헛어른","어른이라고 하기엔 아직 부족한 것 같고, 마냥 젊다고 하기엔 어느덧 적지 않은 나이. 그래서 때론 당황스럽기도 하고 서툴기도 한 우리들. ‘헛어른’은 그런 우리들의 이야기입니다.","9.85"
"1637","웰캄 투 실버라이프","할머니! 할아버지!","9.94"
"1638","선선한 이야기","프리랜선선","9.68"
"1639","일상견문록","다른나라 일상이야기","9.85"
"1640","아빠는 여섯 살","아빠 4컷 그림일기","9.94"
"1641","카나와 초나의 독일","독일 유학 생존기","9.89"
"1642","광해와 이순신","전쟁을 이긴 영웅들","9.60"
"1643","다 이아리","데이트폭력에 관하여","9.84"
"1644","식인귀","괴물이 보인다","9.77"
"1645","저승파견고용직","기묘한 만화","9.92"
"1646","검은 늑대","검은 늑대","9.87"
"1647","제목이 7080 만화","7080 이야기","9.90"
"1648","하루와 모레","일상 이야기 :)","9.68"
"1649","올어바웃 You","봉카의 외노자인생","9.87"
"1650","오픈했어요 <매직컬 마카롱>","마카롱가게에서~","9.91"
"1651","나도 옷 잘 입고 싶다","패고의 패션만화","9.92"
"1652","외국 in 한국","영국인의한국생활","9.87"
"1653","중딩툰","중딩이 그리는 웹툰","9.46"
"1654","파리스의 선택","그리스 신화 회귀물","9.93"
"1655","아옹아옹","두식이 냥육일기","9.92"
"1656","A - STUDENT(모범생)","사악한 본성","9.83"
"1657","이브의 꿈속친구","꿈에서 만난 친구","9.77"
"1658","홈 스윗 홈","네식구 사는 이야기","9.85"
"1659","제 소원을 들어주세요!","중요한걸 잊고있었어","9.86"
"1660","헛어른","어른이라고 하기엔 아직 부족한 것 같고, 마냥 젊다고 하기엔 어느덧 적지 않은 나이. 그래서 때론 당황스럽기도 하고 서툴기도 한 우리들. ‘헛어른’은 그런 우리들의 이야기입니다.","9.85"
"1661","웰캄 투 실버라이프","할머니! 할아버지!","9.94"
"1662","선선한 이야기","프리랜선선","9.68"
"1663","일상견문록","다른나라 일상이야기","9.85"
"1664","아빠는 여섯 살","아빠 4컷 그림일기","9.94"
"1665","카나와 초나의 독일","독일 유학 생존기","9.89"
"1666","광해와 이순신","전쟁을 이긴 영웅들","9.60"
"1667","다 이아리","데이트폭력에 관하여","9.84"
"1668","식인귀","괴물이 보인다","9.77"
"1669","저승파견고용직","기묘한 만화","9.92"
"1670","검은 늑대","검은 늑대","9.87"
"1671","제목이 7080 만화","7080 이야기","9.90"
"1672","하루와 모레","일상 이야기 :)","9.68"
"1673","올어바웃 You","봉카의 외노자인생","9.87"
"1674","오픈했어요 <매직컬 마카롱>","마카롱가게에서~","9.91"
"1675","나도 옷 잘 입고 싶다","패고의 패션만화","9.92"
"1676","외국 in 한국","영국인의한국생활","9.87"
"1677","중딩툰","중딩이 그리는 웹툰","9.46"
"1678","파리스의 선택","그리스 신화 회귀물","9.93"
"1679","아옹아옹","두식이 냥육일기","9.92"
"1680","A - STUDENT(모범생)","사악한 본성","9.83"
"1681","이브의 꿈속친구","꿈에서 만난 친구","9.77"
"1682","홈 스윗 홈","네식구 사는 이야기","9.85"
"1683","제 소원을 들어주세요!","중요한걸 잊고있었어","9.86"
"1684","헛어른","어른이라고 하기엔 아직 부족한 것 같고, 마냥 젊다고 하기엔 어느덧 적지 않은 나이. 그래서 때론 당황스럽기도 하고 서툴기도 한 우리들. ‘헛어른’은 그런 우리들의 이야기입니다.","9.85"
"1685","웰캄 투 실버라이프","할머니! 할아버지!","9.94"
"1686","선선한 이야기","프리랜선선","9.68"
"1687","일상견문록","다른나라 일상이야기","9.85"
"1688","아빠는 여섯 살","아빠 4컷 그림일기","9.94"
"1689","카나와 초나의 독일","독일 유학 생존기","9.89"
"1690","광해와 이순신","전쟁을 이긴 영웅들","9.60"
"1691","다 이아리","데이트폭력에 관하여","9.84"
"1692","식인귀","괴물이 보인다","9.77"
"1693","저승파견고용직","기묘한 만화","9.92"
"1694","검은 늑대","검은 늑대","9.87"
"1695","제목이 7080 만화","7080 이야기","9.90"
"1696","하루와 모레","일상 이야기 :)","9.68"
"1697","올어바웃 You","봉카의 외노자인생","9.87"
"1698","오픈했어요 <매직컬 마카롱>","마카롱가게에서~","9.91"
"1699","나도 옷 잘 입고 싶다","패고의 패션만화","9.92"
"1700","외국 in 한국","영국인의한국생활","9.87"
"1701","중딩툰","중딩이 그리는 웹툰","9.46"
"1702","파리스의 선택","그리스 신화 회귀물","9.93"
"1703","아옹아옹","두식이 냥육일기","9.92"
"1704","A - STUDENT(모범생)","사악한 본성","9.83"
"1705","이브의 꿈속친구","꿈에서 만난 친구","9.77"
"1706","홈 스윗 홈","네식구 사는 이야기","9.85"
"1707","제 소원을 들어주세요!","중요한걸 잊고있었어","9.86"
"1708","헛어른","어른이라고 하기엔 아직 부족한 것 같고, 마냥 젊다고 하기엔 어느덧 적지 않은 나이. 그래서 때론 당황스럽기도 하고 서툴기도 한 우리들. ‘헛어른’은 그런 우리들의 이야기입니다.","9.85"
"1709","웰캄 투 실버라이프","할머니! 할아버지!","9.94"
"1710","선선한 이야기","프리랜선선","9.68"
"1711","일상견문록","다른나라 일상이야기","9.85"
"1712","아빠는 여섯 살","아빠 4컷 그림일기","9.94"
"1713","카나와 초나의 독일","독일 유학 생존기","9.89"
"1714","광해와 이순신","전쟁을 이긴 영웅들","9.60"
"1715","다 이아리","데이트폭력에 관하여","9.84"
"1716","식인귀","괴물이 보인다","9.77"
"1717","저승파견고용직","기묘한 만화","9.92"
"1718","검은 늑대","검은 늑대","9.87"
"1719","제목이 7080 만화","7080 이야기","9.90"
"1720","하루와 모레","일상 이야기 :)","9.68"
"1721","올어바웃 You","봉카의 외노자인생","9.87"
"1722","오픈했어요 <매직컬 마카롱>","마카롱가게에서~","9.91"
"1723","나도 옷 잘 입고 싶다","패고의 패션만화","9.92"
"1724","외국 in 한국","영국인의한국생활","9.87"
"1725","중딩툰","중딩이 그리는 웹툰","9.46"
"1726","파리스의 선택","그리스 신화 회귀물","9.93"
"1727","아옹아옹","두식이 냥육일기","9.92"
"1728","A - STUDENT(모범생)","사악한 본성","9.83"
"1729","이브의 꿈속친구","꿈에서 만난 친구","9.77"
"1730","홈 스윗 홈","네식구 사는 이야기","9.85"
"1731","제 소원을 들어주세요!","중요한걸 잊고있었어","9.86"
"1732","헛어른","어른이라고 하기엔 아직 부족한 것 같고, 마냥 젊다고 하기엔 어느덧 적지 않은 나이. 그래서 때론 당황스럽기도 하고 서툴기도 한 우리들. ‘헛어른’은 그런 우리들의 이야기입니다.","9.85"
"1733","웰캄 투 실버라이프","할머니! 할아버지!","9.94"
"1734","선선한 이야기","프리랜선선","9.68"
"1735","일상견문록","다른나라 일상이야기","9.85"
"1736","아빠는 여섯 살","아빠 4컷 그림일기","9.94"
"1737","카나와 초나의 독일","독일 유학 생존기","9.89"
"1738","광해와 이순신","전쟁을 이긴 영웅들","9.60"
"1739","다 이아리","데이트폭력에 관하여","9.84"
"1740","식인귀","괴물이 보인다","9.77"
"1741","저승파견고용직","기묘한 만화","9.92"
"1742","검은 늑대","검은 늑대","9.87"
"1743","제목이 7080 만화","7080 이야기","9.90"
"1744","하루와 모레","일상 이야기 :)","9.68"
"1745","올어바웃 You","봉카의 외노자인생","9.87"
"1746","오픈했어요 <매직컬 마카롱>","마카롱가게에서~","9.91"
"1747","나도 옷 잘 입고 싶다","패고의 패션만화","9.92"
"1748","외국 in 한국","영국인의한국생활","9.87"
"1749","중딩툰","중딩이 그리는 웹툰","9.46"
"1750","파리스의 선택","그리스 신화 회귀물","9.93"
"1751","아옹아옹","두식이 냥육일기","9.92"
"1752","A - STUDENT(모범생)","사악한 본성","9.83"
"1753","이브의 꿈속친구","꿈에서 만난 친구","9.77"
"1754","홈 스윗 홈","네식구 사는 이야기","9.85"
"1755","제 소원을 들어주세요!","중요한걸 잊고있었어","9.86"
"1756","헛어른","어른이라고 하기엔 아직 부족한 것 같고, 마냥 젊다고 하기엔 어느덧 적지 않은 나이. 그래서 때론 당황스럽기도 하고 서툴기도 한 우리들. ‘헛어른’은 그런 우리들의 이야기입니다.","9.85"
"1757","웰캄 투 실버라이프","할머니! 할아버지!","9.94"
"1758","선선한 이야기","프리랜선선","9.68"
"1759","일상견문록","다른나라 일상이야기","9.85"
"1760","아빠는 여섯 살","아빠 4컷 그림일기","9.94"
"1761","카나와 초나의 독일","독일 유학 생존기","9.89"
"1762","광해와 이순신","전쟁을 이긴 영웅들","9.60"
"1763","다 이아리","데이트폭력에 관하여","9.84"
"1764","식인귀","괴물이 보인다","9.77"
"1765","저승파견고용직","기묘한 만화","9.92"
"1766","검은 늑대","검은 늑대","9.87"
"1767","제목이 7080 만화","7080 이야기","9.90"
"1768","하루와 모레","일상 이야기 :)","9.68"
"1769","올어바웃 You","봉카의 외노자인생","9.87"
"1770","오픈했어요 <매직컬 마카롱>","마카롱가게에서~","9.91"
"1771","나도 옷 잘 입고 싶다","패고의 패션만화","9.92"
"1772","외국 in 한국","영국인의한국생활","9.87"
"1773","중딩툰","중딩이 그리는 웹툰","9.46"
"1774","파리스의 선택","그리스 신화 회귀물","9.93"
"1775","아옹아옹","두식이 냥육일기","9.92"
"1776","A - STUDENT(모범생)","사악한 본성","9.83"
"1777","이브의 꿈속친구","꿈에서 만난 친구","9.77"
"1778","홈 스윗 홈","네식구 사는 이야기","9.85"
"1779","제 소원을 들어주세요!","중요한걸 잊고있었어","9.86"
"1780","헛어른","어른이라고 하기엔 아직 부족한 것 같고, 마냥 젊다고 하기엔 어느덧 적지 않은 나이. 그래서 때론 당황스럽기도 하고 서툴기도 한 우리들. ‘헛어른’은 그런 우리들의 이야기입니다.","9.85"
"1781","웰캄 투 실버라이프","할머니! 할아버지!","9.94"
"1782","선선한 이야기","프리랜선선","9.68"
"1783","일상견문록","다른나라 일상이야기","9.85"
"1784","아빠는 여섯 살","아빠 4컷 그림일기","9.94"
"1785","카나와 초나의 독일","독일 유학 생존기","9.89"
"1786","광해와 이순신","전쟁을 이긴 영웅들","9.60"
"1787","다 이아리","데이트폭력에 관하여","9.84"
"1788","식인귀","괴물이 보인다","9.77"
"1789","저승파견고용직","기묘한 만화","9.92"
"1790","검은 늑대","검은 늑대","9.87"
"1791","제목이 7080 만화","7080 이야기","9.90"
"1792","하루와 모레","일상 이야기 :)","9.68"
"1793","올어바웃 You","봉카의 외노자인생","9.87"
"1794","오픈했어요 <매직컬 마카롱>","마카롱가게에서~","9.91"
"1795","나도 옷 잘 입고 싶다","패고의 패션만화","9.92"
"1796","외국 in 한국","영국인의한국생활","9.87"
"1797","중딩툰","중딩이 그리는 웹툰","9.46"
"1798","파리스의 선택","그리스 신화 회귀물","9.93"
"1799","아옹아옹","두식이 냥육일기","9.92"
"1800","A - STUDENT(모범생)","사악한 본성","9.83"
"1801","이브의 꿈속친구","꿈에서 만난 친구","9.77"
"1802","홈 스윗 홈","네식구 사는 이야기","9.85"
"1803","제 소원을 들어주세요!","중요한걸 잊고있었어","9.86"
"1804","헛어른","어른이라고 하기엔 아직 부족한 것 같고, 마냥 젊다고 하기엔 어느덧 적지 않은 나이. 그래서 때론 당황스럽기도 하고 서툴기도 한 우리들. ‘헛어른’은 그런 우리들의 이야기입니다.","9.85"
"1805","웰캄 투 실버라이프","할머니! 할아버지!","9.94"
"1806","선선한 이야기","프리랜선선","9.68"
"1807","일상견문록","다른나라 일상이야기","9.85"
"1808","아빠는 여섯 살","아빠 4컷 그림일기","9.94"
"1809","카나와 초나의 독일","독일 유학 생존기","9.89"
"1810","광해와 이순신","전쟁을 이긴 영웅들","9.60"
"1811","다 이아리","데이트폭력에 관하여","9.84"
"1812","식인귀","괴물이 보인다","9.77"
"1813","저승파견고용직","기묘한 만화","9.92"
"1814","검은 늑대","검은 늑대","9.87"
"1815","제목이 7080 만화","7080 이야기","9.90"
"1816","하루와 모레","일상 이야기 :)","9.68"
"1817","올어바웃 You","봉카의 외노자인생","9.87"
"1818","오픈했어요 <매직컬 마카롱>","마카롱가게에서~","9.91"
"1819","나도 옷 잘 입고 싶다","패고의 패션만화","9.92"
"1820","외국 in 한국","영국인의한국생활","9.87"
"1821","중딩툰","중딩이 그리는 웹툰","9.46"
"1822","파리스의 선택","그리스 신화 회귀물","9.93"
"1823","아옹아옹","두식이 냥육일기","9.92"
"1824","A - STUDENT(모범생)","사악한 본성","9.83"
"1825","이브의 꿈속친구","꿈에서 만난 친구","9.77"
"1826","홈 스윗 홈","네식구 사는 이야기","9.85"
"1827","제 소원을 들어주세요!","중요한걸 잊고있었어","9.86"
"1828","헛어른","어른이라고 하기엔 아직 부족한 것 같고, 마냥 젊다고 하기엔 어느덧 적지 않은 나이. 그래서 때론 당황스럽기도 하고 서툴기도 한 우리들. ‘헛어른’은 그런 우리들의 이야기입니다.","9.85"
"1829","웰캄 투 실버라이프","할머니! 할아버지!","9.94"
"1830","선선한 이야기","프리랜선선","9.68"
"1831","일상견문록","다른나라 일상이야기","9.85"
"1832","아빠는 여섯 살","아빠 4컷 그림일기","9.94"
"1833","카나와 초나의 독일","독일 유학 생존기","9.89"
"1834","광해와 이순신","전쟁을 이긴 영웅들","9.60"
"1835","다 이아리","데이트폭력에 관하여","9.84"
"1836","식인귀","괴물이 보인다","9.77"
"1837","저승파견고용직","기묘한 만화","9.92"
"1838","검은 늑대","검은 늑대","9.87"
"1839","제목이 7080 만화","7080 이야기","9.90"
"1840","하루와 모레","일상 이야기 :)","9.68"
"1841","올어바웃 You","봉카의 외노자인생","9.87"
"1842","오픈했어요 <매직컬 마카롱>","마카롱가게에서~","9.91"
"1843","나도 옷 잘 입고 싶다","패고의 패션만화","9.92"
"1844","외국 in 한국","영국인의한국생활","9.87"
"1845","중딩툰","중딩이 그리는 웹툰","9.46"
"1846","파리스의 선택","그리스 신화 회귀물","9.93"
"1847","아옹아옹","두식이 냥육일기","9.92"
"1848","A - STUDENT(모범생)","사악한 본성","9.83"
"1849","이브의 꿈속친구","꿈에서 만난 친구","9.77"
"1850","홈 스윗 홈","네식구 사는 이야기","9.85"
"1851","제 소원을 들어주세요!","중요한걸 잊고있었어","9.86"
"1852","헛어른","어른이라고 하기엔 아직 부족한 것 같고, 마냥 젊다고 하기엔 어느덧 적지 않은 나이. 그래서 때론 당황스럽기도 하고 서툴기도 한 우리들. ‘헛어른’은 그런 우리들의 이야기입니다.","9.85"
"1853","웰캄 투 실버라이프","할머니! 할아버지!","9.94"
"1854","선선한 이야기","프리랜선선","9.68"
"1855","일상견문록","다른나라 일상이야기","9.85"
"1856","아빠는 여섯 살","아빠 4컷 그림일기","9.94"
"1857","카나와 초나의 독일","독일 유학 생존기","9.89"
"1858","광해와 이순신","전쟁을 이긴 영웅들","9.60"
"1859","다 이아리","데이트폭력에 관하여","9.84"
"1860","식인귀","괴물이 보인다","9.77"
"1861","저승파견고용직","기묘한 만화","9.92"
"1862","검은 늑대","검은 늑대","9.87"
"1863","제목이 7080 만화","7080 이야기","9.90"
"1864","하루와 모레","일상 이야기 :)","9.68"
"1865","올어바웃 You","봉카의 외노자인생","9.87"
"1866","오픈했어요 <매직컬 마카롱>","마카롱가게에서~","9.91"
"1867","나도 옷 잘 입고 싶다","패고의 패션만화","9.92"
"1868","외국 in 한국","영국인의한국생활","9.87"
"1869","중딩툰","중딩이 그리는 웹툰","9.46"
"1870","파리스의 선택","그리스 신화 회귀물","9.93"
"1871","아옹아옹","두식이 냥육일기","9.92"
"1872","A - STUDENT(모범생)","사악한 본성","9.83"
"1873","이브의 꿈속친구","꿈에서 만난 친구","9.77"
"1874","홈 스윗 홈","네식구 사는 이야기","9.85"
"1875","제 소원을 들어주세요!","중요한걸 잊고있었어","9.86"
"1876","헛어른","어른이라고 하기엔 아직 부족한 것 같고, 마냥 젊다고 하기엔 어느덧 적지 않은 나이. 그래서 때론 당황스럽기도 하고 서툴기도 한 우리들. ‘헛어른’은 그런 우리들의 이야기입니다.","9.85"
"1877","웰캄 투 실버라이프","할머니! 할아버지!","9.94"
"1878","선선한 이야기","프리랜선선","9.68"
"1879","일상견문록","다른나라 일상이야기","9.85"
"1880","아빠는 여섯 살","아빠 4컷 그림일기","9.94"
"1881","카나와 초나의 독일","독일 유학 생존기","9.89"
"1882","광해와 이순신","전쟁을 이긴 영웅들","9.60"
"1883","다 이아리","데이트폭력에 관하여","9.84"
"1884","식인귀","괴물이 보인다","9.77"
"1885","저승파견고용직","기묘한 만화","9.92"
"1886","검은 늑대","검은 늑대","9.87"
"1887","제목이 7080 만화","7080 이야기","9.90"
"1888","하루와 모레","일상 이야기 :)","9.68"
"1889","올어바웃 You","봉카의 외노자인생","9.87"
"1890","오픈했어요 <매직컬 마카롱>","마카롱가게에서~","9.91"
"1891","나도 옷 잘 입고 싶다","패고의 패션만화","9.92"
"1892","외국 in 한국","영국인의한국생활","9.87"
"1893","중딩툰","중딩이 그리는 웹툰","9.46"
"1894","파리스의 선택","그리스 신화 회귀물","9.93"
"1895","아옹아옹","두식이 냥육일기","9.92"
"1896","A - STUDENT(모범생)","사악한 본성","9.83"
"1897","이브의 꿈속친구","꿈에서 만난 친구","9.77"
"1898","홈 스윗 홈","네식구 사는 이야기","9.85"
"1899","제 소원을 들어주세요!","중요한걸 잊고있었어","9.86"
"1900","헛어른","어른이라고 하기엔 아직 부족한 것 같고, 마냥 젊다고 하기엔 어느덧 적지 않은 나이. 그래서 때론 당황스럽기도 하고 서툴기도 한 우리들. ‘헛어른’은 그런 우리들의 이야기입니다.","9.85"
"1901","웰캄 투 실버라이프","할머니! 할아버지!","9.94"
"1902","선선한 이야기","프리랜선선","9.68"
"1903","일상견문록","다른나라 일상이야기","9.85"
"1904","아빠는 여섯 살","아빠 4컷 그림일기","9.94"
"1905","카나와 초나의 독일","독일 유학 생존기","9.89"
"1906","광해와 이순신","전쟁을 이긴 영웅들","9.60"
"1907","다 이아리","데이트폭력에 관하여","9.84"
"1908","식인귀","괴물이 보인다","9.77"
"1909","저승파견고용직","기묘한 만화","9.92"
"1910","검은 늑대","검은 늑대","9.87"
"1911","제목이 7080 만화","7080 이야기","9.90"
"1912","하루와 모레","일상 이야기 :)","9.68"
"1913","올어바웃 You","봉카의 외노자인생","9.87"
"1914","오픈했어요 <매직컬 마카롱>","마카롱가게에서~","9.91"
"1915","나도 옷 잘 입고 싶다","패고의 패션만화","9.92"
"1916","외국 in 한국","영국인의한국생활","9.87"
"1917","중딩툰","중딩이 그리는 웹툰","9.46"
"1918","파리스의 선택","그리스 신화 회귀물","9.93"
"1919","아옹아옹","두식이 냥육일기","9.92"
"1920","A - STUDENT(모범생)","사악한 본성","9.83"
"1921","이브의 꿈속친구","꿈에서 만난 친구","9.77"
"1922","홈 스윗 홈","네식구 사는 이야기","9.85"
"1923","제 소원을 들어주세요!","중요한걸 잊고있었어","9.86"
"1924","헛어른","어른이라고 하기엔 아직 부족한 것 같고, 마냥 젊다고 하기엔 어느덧 적지 않은 나이. 그래서 때론 당황스럽기도 하고 서툴기도 한 우리들. ‘헛어른’은 그런 우리들의 이야기입니다.","9.85"
"1925","웰캄 투 실버라이프","할머니! 할아버지!","9.94"
"1926","선선한 이야기","프리랜선선","9.68"
"1927","일상견문록","다른나라 일상이야기","9.85"
"1928","아빠는 여섯 살","아빠 4컷 그림일기","9.94"
"1929","카나와 초나의 독일","독일 유학 생존기","9.89"
"1930","광해와 이순신","전쟁을 이긴 영웅들","9.60"
"1931","다 이아리","데이트폭력에 관하여","9.84"
"1932","식인귀","괴물이 보인다","9.77"
"1933","저승파견고용직","기묘한 만화","9.92"
"1934","검은 늑대","검은 늑대","9.87"
"1935","제목이 7080 만화","7080 이야기","9.90"
"1936","하루와 모레","일상 이야기 :)","9.68"
"1937","올어바웃 You","봉카의 외노자인생","9.87"
"1938","오픈했어요 <매직컬 마카롱>","마카롱가게에서~","9.91"
"1939","나도 옷 잘 입고 싶다","패고의 패션만화","9.92"
"1940","외국 in 한국","영국인의한국생활","9.87"
"1941","중딩툰","중딩이 그리는 웹툰","9.46"
"1942","파리스의 선택","그리스 신화 회귀물","9.93"
"1943","아옹아옹","두식이 냥육일기","9.92"
"1944","A - STUDENT(모범생)","사악한 본성","9.83"
"1945","이브의 꿈속친구","꿈에서 만난 친구","9.77"
"1946","홈 스윗 홈","네식구 사는 이야기","9.85"
"1947","제 소원을 들어주세요!","중요한걸 잊고있었어","9.86"
"1948","헛어른","어른이라고 하기엔 아직 부족한 것 같고, 마냥 젊다고 하기엔 어느덧 적지 않은 나이. 그래서 때론 당황스럽기도 하고 서툴기도 한 우리들. ‘헛어른’은 그런 우리들의 이야기입니다.","9.85"
"1949","웰캄 투 실버라이프","할머니! 할아버지!","9.94"
"1950","선선한 이야기","프리랜선선","9.68"
"1951","일상견문록","다른나라 일상이야기","9.85"
"1952","아빠는 여섯 살","아빠 4컷 그림일기","9.94"
"1953","카나와 초나의 독일","독일 유학 생존기","9.89"
"1954","광해와 이순신","전쟁을 이긴 영웅들","9.60"
"1955","다 이아리","데이트폭력에 관하여","9.84"
"1956","식인귀","괴물이 보인다","9.77"
"1957","저승파견고용직","기묘한 만화","9.92"
"1958","검은 늑대","검은 늑대","9.87"
"1959","제목이 7080 만화","7080 이야기","9.90"
"1960","하루와 모레","일상 이야기 :)","9.68"
"1961","올어바웃 You","봉카의 외노자인생","9.87"
"1962","오픈했어요 <매직컬 마카롱>","마카롱가게에서~","9.91"
"1963","나도 옷 잘 입고 싶다","패고의 패션만화","9.92"
"1964","외국 in 한국","영국인의한국생활","9.87"
"1965","중딩툰","중딩이 그리는 웹툰","9.46"
"1966","파리스의 선택","그리스 신화 회귀물","9.93"
"1967","아옹아옹","두식이 냥육일기","9.92"
"1968","A - STUDENT(모범생)","사악한 본성","9.83"
"1969","이브의 꿈속친구","꿈에서 만난 친구","9.77"
"1970","홈 스윗 홈","네식구 사는 이야기","9.85"
"1971","제 소원을 들어주세요!","중요한걸 잊고있었어","9.86"
"1972","헛어른","어른이라고 하기엔 아직 부족한 것 같고, 마냥 젊다고 하기엔 어느덧 적지 않은 나이. 그래서 때론 당황스럽기도 하고 서툴기도 한 우리들. ‘헛어른’은 그런 우리들의 이야기입니다.","9.85"
"1973","웰캄 투 실버라이프","할머니! 할아버지!","9.94"
"1974","선선한 이야기","프리랜선선","9.68"
"1975","일상견문록","다른나라 일상이야기","9.85"
"1976","아빠는 여섯 살","아빠 4컷 그림일기","9.94"
"1977","카나와 초나의 독일","독일 유학 생존기","9.89"
"1978","광해와 이순신","전쟁을 이긴 영웅들","9.60"
"1979","다 이아리","데이트폭력에 관하여","9.84"
"1980","식인귀","괴물이 보인다","9.77"
"1981","저승파견고용직","기묘한 만화","9.92"
"1982","검은 늑대","검은 늑대","9.87"
"1983","제목이 7080 만화","7080 이야기","9.90"
"1984","하루와 모레","일상 이야기 :)","9.68"
"1985","올어바웃 You","봉카의 외노자인생","9.87"
"1986","오픈했어요 <매직컬 마카롱>","마카롱가게에서~","9.91"
"1987","나도 옷 잘 입고 싶다","패고의 패션만화","9.92"
"1988","외국 in 한국","영국인의한국생활","9.87"
"1989","중딩툰","중딩이 그리는 웹툰","9.46"
"1990","파리스의 선택","그리스 신화 회귀물","9.93"
"1991","아옹아옹","두식이 냥육일기","9.92"
"1992","A - STUDENT(모범생)","사악한 본성","9.83"
"1993","이브의 꿈속친구","꿈에서 만난 친구","9.77"
"1994","홈 스윗 홈","네식구 사는 이야기","9.85"
"1995","제 소원을 들어주세요!","중요한걸 잊고있었어","9.86"
"1996","헛어른","어른이라고 하기엔 아직 부족한 것 같고, 마냥 젊다고 하기엔 어느덧 적지 않은 나이. 그래서 때론 당황스럽기도 하고 서툴기도 한 우리들. ‘헛어른’은 그런 우리들의 이야기입니다.","9.85"
"1997","웰캄 투 실버라이프","할머니! 할아버지!","9.94"
"1998","선선한 이야기","프리랜선선","9.68"
"1999","일상견문록","다른나라 일상이야기","9.85"
"2000","아빠는 여섯 살","아빠 4컷 그림일기","9.94"
"2001","카나와 초나의 독일","독일 유학 생존기","9.89"
"2002","광해와 이순신","전쟁을 이긴 영웅들","9.60"
"2003","다 이아리","데이트폭력에 관하여","9.84"
"2004","식인귀","괴물이 보인다","9.77"
"2005","저승파견고용직","기묘한 만화","9.92"
"2006","검은 늑대","검은 늑대","9.87"
"2007","제목이 7080 만화","7080 이야기","9.90"
"2008","하루와 모레","일상 이야기 :)","9.68"
"2009","올어바웃 You","봉카의 외노자인생","9.87"
"2010","오픈했어요 <매직컬 마카롱>","마카롱가게에서~","9.91"
"2011","나도 옷 잘 입고 싶다","패고의 패션만화","9.92"
"2012","외국 in 한국","영국인의한국생활","9.87"
"2013","중딩툰","중딩이 그리는 웹툰","9.46"
"2014","파리스의 선택","그리스 신화 회귀물","9.93"
"2015","아옹아옹","두식이 냥육일기","9.92"
"2016","A - STUDENT(모범생)","사악한 본성","9.83"
"2017","이브의 꿈속친구","꿈에서 만난 친구","9.77"
"2018","홈 스윗 홈","네식구 사는 이야기","9.85"
"2019","제 소원을 들어주세요!","중요한걸 잊고있었어","9.86"
"2020","헛어른","어른이라고 하기엔 아직 부족한 것 같고, 마냥 젊다고 하기엔 어느덧 적지 않은 나이. 그래서 때론 당황스럽기도 하고 서툴기도 한 우리들. ‘헛어른’은 그런 우리들의 이야기입니다.","9.85"
"2021","웰캄 투 실버라이프","할머니! 할아버지!","9.94"
"2022","선선한 이야기","프리랜선선","9.68"
"2023","일상견문록","다른나라 일상이야기","9.85"
"2024","아빠는 여섯 살","아빠 4컷 그림일기","9.94"
"2025","카나와 초나의 독일","독일 유학 생존기","9.89"
"2026","광해와 이순신","전쟁을 이긴 영웅들","9.60"
"2027","다 이아리","데이트폭력에 관하여","9.84"
"2028","식인귀","괴물이 보인다","9.77"
"2029","저승파견고용직","기묘한 만화","9.92"
"2030","검은 늑대","검은 늑대","9.87"
"2031","제목이 7080 만화","7080 이야기","9.90"
"2032","하루와 모레","일상 이야기 :)","9.68"
"2033","올어바웃 You","봉카의 외노자인생","9.87"
"2034","오픈했어요 <매직컬 마카롱>","마카롱가게에서~","9.91"
"2035","나도 옷 잘 입고 싶다","패고의 패션만화","9.92"
"2036","외국 in 한국","영국인의한국생활","9.87"
"2037","중딩툰","중딩이 그리는 웹툰","9.46"
"2038","파리스의 선택","그리스 신화 회귀물","9.93"
"2039","아옹아옹","두식이 냥육일기","9.92"
"2040","A - STUDENT(모범생)","사악한 본성","9.83"
"2041","이브의 꿈속친구","꿈에서 만난 친구","9.77"
"2042","홈 스윗 홈","네식구 사는 이야기","9.85"
"2043","제 소원을 들어주세요!","중요한걸 잊고있었어","9.86"
"2044","헛어른","어른이라고 하기엔 아직 부족한 것 같고, 마냥 젊다고 하기엔 어느덧 적지 않은 나이. 그래서 때론 당황스럽기도 하고 서툴기도 한 우리들. ‘헛어른’은 그런 우리들의 이야기입니다.","9.85"
"2045","웰캄 투 실버라이프","할머니! 할아버지!","9.94"
"2046","선선한 이야기","프리랜선선","9.68"
"2047","일상견문록","다른나라 일상이야기","9.85"
"2048","아빠는 여섯 살","아빠 4컷 그림일기","9.94"
"2049","카나와 초나의 독일","독일 유학 생존기","9.89"
"2050","광해와 이순신","전쟁을 이긴 영웅들","9.60"
"2051","다 이아리","데이트폭력에 관하여","9.84"
"2052","식인귀","괴물이 보인다","9.77"
"2053","저승파견고용직","기묘한 만화","9.92"
"2054","검은 늑대","검은 늑대","9.87"
"2055","제목이 7080 만화","7080 이야기","9.90"
"2056","하루와 모레","일상 이야기 :)","9.68"
"2057","올어바웃 You","봉카의 외노자인생","9.87"
"2058","오픈했어요 <매직컬 마카롱>","마카롱가게에서~","9.91"
"2059","나도 옷 잘 입고 싶다","패고의 패션만화","9.92"
"2060","외국 in 한국","영국인의한국생활","9.87"
"2061","중딩툰","중딩이 그리는 웹툰","9.46"
"2062","파리스의 선택","그리스 신화 회귀물","9.93"
"2063","아옹아옹","두식이 냥육일기","9.92"
"2064","A - STUDENT(모범생)","사악한 본성","9.83"
"2065","이브의 꿈속친구","꿈에서 만난 친구","9.77"
"2066","홈 스윗 홈","네식구 사는 이야기","9.85"
"2067","제 소원을 들어주세요!","중요한걸 잊고있었어","9.86"
"2068","헛어른","어른이라고 하기엔 아직 부족한 것 같고, 마냥 젊다고 하기엔 어느덧 적지 않은 나이. 그래서 때론 당황스럽기도 하고 서툴기도 한 우리들. ‘헛어른’은 그런 우리들의 이야기입니다.","9.85"
"2069","웰캄 투 실버라이프","할머니! 할아버지!","9.94"
"2070","선선한 이야기","프리랜선선","9.68"
"2071","일상견문록","다른나라 일상이야기","9.85"
"2072","아빠는 여섯 살","아빠 4컷 그림일기","9.94"
"2073","카나와 초나의 독일","독일 유학 생존기","9.89"
"2074","광해와 이순신","전쟁을 이긴 영웅들","9.60"
"2075","다 이아리","데이트폭력에 관하여","9.84"
"2076","식인귀","괴물이 보인다","9.77"
"2077","저승파견고용직","기묘한 만화","9.92"
"2078","검은 늑대","검은 늑대","9.87"
"2079","제목이 7080 만화","7080 이야기","9.90"
"2080","하루와 모레","일상 이야기 :)","9.68"
"2081","올어바웃 You","봉카의 외노자인생","9.87"
"2082","오픈했어요 <매직컬 마카롱>","마카롱가게에서~","9.91"
"2083","나도 옷 잘 입고 싶다","패고의 패션만화","9.92"
"2084","외국 in 한국","영국인의한국생활","9.87"
"2085","중딩툰","중딩이 그리는 웹툰","9.46"
"2086","파리스의 선택","그리스 신화 회귀물","9.93"
"2087","아옹아옹","두식이 냥육일기","9.92"
"2088","A - STUDENT(모범생)","사악한 본성","9.83"
"2089","이브의 꿈속친구","꿈에서 만난 친구","9.77"
"2090","홈 스윗 홈","네식구 사는 이야기","9.85"
"2091","제 소원을 들어주세요!","중요한걸 잊고있었어","9.86"
"2092","헛어른","어른이라고 하기엔 아직 부족한 것 같고, 마냥 젊다고 하기엔 어느덧 적지 않은 나이. 그래서 때론 당황스럽기도 하고 서툴기도 한 우리들. ‘헛어른’은 그런 우리들의 이야기입니다.","9.85"
"2093","웰캄 투 실버라이프","할머니! 할아버지!","9.94"
"2094","선선한 이야기","프리랜선선","9.68"
"2095","일상견문록","다른나라 일상이야기","9.85"
"2096","아빠는 여섯 살","아빠 4컷 그림일기","9.94"
"2097","카나와 초나의 독일","독일 유학 생존기","9.89"
"2098","광해와 이순신","전쟁을 이긴 영웅들","9.60"
"2099","다 이아리","데이트폭력에 관하여","9.84"
"2100","식인귀","괴물이 보인다","9.77"
"2101","저승파견고용직","기묘한 만화","9.92"
"2102","검은 늑대","검은 늑대","9.87"
"2103","제목이 7080 만화","7080 이야기","9.90"
"2104","하루와 모레","일상 이야기 :)","9.68"
"2105","올어바웃 You","봉카의 외노자인생","9.87"
"2106","오픈했어요 <매직컬 마카롱>","마카롱가게에서~","9.91"
"2107","나도 옷 잘 입고 싶다","패고의 패션만화","9.92"
"2108","외국 in 한국","영국인의한국생활","9.87"
"2109","중딩툰","중딩이 그리는 웹툰","9.46"
"2110","파리스의 선택","그리스 신화 회귀물","9.93"
"2111","아옹아옹","두식이 냥육일기","9.92"
"2112","A - STUDENT(모범생)","사악한 본성","9.83"
"2113","이브의 꿈속친구","꿈에서 만난 친구","9.77"
"2114","홈 스윗 홈","네식구 사는 이야기","9.85"
"2115","제 소원을 들어주세요!","중요한걸 잊고있었어","9.86"
"2116","헛어른","어른이라고 하기엔 아직 부족한 것 같고, 마냥 젊다고 하기엔 어느덧 적지 않은 나이. 그래서 때론 당황스럽기도 하고 서툴기도 한 우리들. ‘헛어른’은 그런 우리들의 이야기입니다.","9.85"
"2117","웰캄 투 실버라이프","할머니! 할아버지!","9.94"
"2118","선선한 이야기","프리랜선선","9.68"
"2119","일상견문록","다른나라 일상이야기","9.85"
"2120","아빠는 여섯 살","아빠 4컷 그림일기","9.94"
"2121","카나와 초나의 독일","독일 유학 생존기","9.89"
"2122","광해와 이순신","전쟁을 이긴 영웅들","9.60"
"2123","다 이아리","데이트폭력에 관하여","9.84"
"2124","식인귀","괴물이 보인다","9.77"
"2125","저승파견고용직","기묘한 만화","9.92"
"2126","검은 늑대","검은 늑대","9.87"
"2127","제목이 7080 만화","7080 이야기","9.90"
"2128","하루와 모레","일상 이야기 :)","9.68"
"2129","올어바웃 You","봉카의 외노자인생","9.87"
"2130","오픈했어요 <매직컬 마카롱>","마카롱가게에서~","9.91"
"2131","나도 옷 잘 입고 싶다","패고의 패션만화","9.92"
"2132","외국 in 한국","영국인의한국생활","9.87"
"2133","중딩툰","중딩이 그리는 웹툰","9.46"
"2134","파리스의 선택","그리스 신화 회귀물","9.93"
"2135","아옹아옹","두식이 냥육일기","9.92"
"2136","A - STUDENT(모범생)","사악한 본성","9.83"
"2137","이브의 꿈속친구","꿈에서 만난 친구","9.77"
"2138","홈 스윗 홈","네식구 사는 이야기","9.85"
"2139","제 소원을 들어주세요!","중요한걸 잊고있었어","9.86"
"2140","헛어른","어른이라고 하기엔 아직 부족한 것 같고, 마냥 젊다고 하기엔 어느덧 적지 않은 나이. 그래서 때론 당황스럽기도 하고 서툴기도 한 우리들. ‘헛어른’은 그런 우리들의 이야기입니다.","9.85"
"2141","웰캄 투 실버라이프","할머니! 할아버지!","9.94"
"2142","선선한 이야기","프리랜선선","9.68"
"2143","일상견문록","다른나라 일상이야기","9.85"
"2144","아빠는 여섯 살","아빠 4컷 그림일기","9.94"
"2145","카나와 초나의 독일","독일 유학 생존기","9.89"
"2146","광해와 이순신","전쟁을 이긴 영웅들","9.60"
"2147","다 이아리","데이트폭력에 관하여","9.84"
"2148","식인귀","괴물이 보인다","9.77"
"2149","저승파견고용직","기묘한 만화","9.92"
"2150","검은 늑대","검은 늑대","9.87"
"2151","제목이 7080 만화","7080 이야기","9.90"
"2152","하루와 모레","일상 이야기 :)","9.68"
"2153","올어바웃 You","봉카의 외노자인생","9.87"
"2154","오픈했어요 <매직컬 마카롱>","마카롱가게에서~","9.91"
"2155","나도 옷 잘 입고 싶다","패고의 패션만화","9.92"
"2156","외국 in 한국","영국인의한국생활","9.87"
"2157","중딩툰","중딩이 그리는 웹툰","9.46"
"2158","파리스의 선택","그리스 신화 회귀물","9.93"
"2159","아옹아옹","두식이 냥육일기","9.92"
"2160","A - STUDENT(모범생)","사악한 본성","9.83"
"2161","이브의 꿈속친구","꿈에서 만난 친구","9.77"
"2162","홈 스윗 홈","네식구 사는 이야기","9.85"
"2163","제 소원을 들어주세요!","중요한걸 잊고있었어","9.86"
"2164","헛어른","어른이라고 하기엔 아직 부족한 것 같고, 마냥 젊다고 하기엔 어느덧 적지 않은 나이. 그래서 때론 당황스럽기도 하고 서툴기도 한 우리들. ‘헛어른’은 그런 우리들의 이야기입니다.","9.85"
"2165","웰캄 투 실버라이프","할머니! 할아버지!","9.94"
"2166","선선한 이야기","프리랜선선","9.68"
"2167","일상견문록","다른나라 일상이야기","9.85"
"2168","아빠는 여섯 살","아빠 4컷 그림일기","9.94"
"2169","카나와 초나의 독일","독일 유학 생존기","9.89"
"2170","광해와 이순신","전쟁을 이긴 영웅들","9.60"
"2171","다 이아리","데이트폭력에 관하여","9.84"
"2172","식인귀","괴물이 보인다","9.77"
"2173","저승파견고용직","기묘한 만화","9.92"
"2174","검은 늑대","검은 늑대","9.87"
"2175","제목이 7080 만화","7080 이야기","9.90"
"2176","하루와 모레","일상 이야기 :)","9.68"
"2177","올어바웃 You","봉카의 외노자인생","9.87"
"2178","오픈했어요 <매직컬 마카롱>","마카롱가게에서~","9.91"
"2179","나도 옷 잘 입고 싶다","패고의 패션만화","9.92"
"2180","외국 in 한국","영국인의한국생활","9.87"
"2181","중딩툰","중딩이 그리는 웹툰","9.46"
"2182","파리스의 선택","그리스 신화 회귀물","9.93"
"2183","아옹아옹","두식이 냥육일기","9.92"
"2184","A - STUDENT(모범생)","사악한 본성","9.83"
"2185","이브의 꿈속친구","꿈에서 만난 친구","9.77"
"2186","홈 스윗 홈","네식구 사는 이야기","9.85"
"2187","제 소원을 들어주세요!","중요한걸 잊고있었어","9.86"
"2188","헛어른","어른이라고 하기엔 아직 부족한 것 같고, 마냥 젊다고 하기엔 어느덧 적지 않은 나이. 그래서 때론 당황스럽기도 하고 서툴기도 한 우리들. ‘헛어른’은 그런 우리들의 이야기입니다.","9.85"
"2189","웰캄 투 실버라이프","할머니! 할아버지!","9.94"
"2190","선선한 이야기","프리랜선선","9.68"
"2191","일상견문록","다른나라 일상이야기","9.85"
"2192","아빠는 여섯 살","아빠 4컷 그림일기","9.94"
"2193","카나와 초나의 독일","독일 유학 생존기","9.89"
"2194","광해와 이순신","전쟁을 이긴 영웅들","9.60"
"2195","다 이아리","데이트폭력에 관하여","9.84"
"2196","식인귀","괴물이 보인다","9.77"
"2197","저승파견고용직","기묘한 만화","9.92"
"2198","검은 늑대","검은 늑대","9.87"
"2199","제목이 7080 만화","7080 이야기","9.90"
"2200","하루와 모레","일상 이야기 :)","9.68"
"2201","올어바웃 You","봉카의 외노자인생","9.87"
"2202","오픈했어요 <매직컬 마카롱>","마카롱가게에서~","9.91"
"2203","나도 옷 잘 입고 싶다","패고의 패션만화","9.92"
"2204","외국 in 한국","영국인의한국생활","9.87"
"2205","중딩툰","중딩이 그리는 웹툰","9.46"
"2206","파리스의 선택","그리스 신화 회귀물","9.93"
"2207","아옹아옹","두식이 냥육일기","9.92"
"2208","A - STUDENT(모범생)","사악한 본성","9.83"
"2209","이브의 꿈속친구","꿈에서 만난 친구","9.77"
"2210","홈 스윗 홈","네식구 사는 이야기","9.85"
"2211","제 소원을 들어주세요!","중요한걸 잊고있었어","9.86"
"2212","헛어른","어른이라고 하기엔 아직 부족한 것 같고, 마냥 젊다고 하기엔 어느덧 적지 않은 나이. 그래서 때론 당황스럽기도 하고 서툴기도 한 우리들. ‘헛어른’은 그런 우리들의 이야기입니다.","9.85"
"2213","웰캄 투 실버라이프","할머니! 할아버지!","9.94"
"2214","선선한 이야기","프리랜선선","9.68"
"2215","일상견문록","다른나라 일상이야기","9.85"
"2216","아빠는 여섯 살","아빠 4컷 그림일기","9.94"
"2217","카나와 초나의 독일","독일 유학 생존기","9.89"
"2218","광해와 이순신","전쟁을 이긴 영웅들","9.60"
"2219","다 이아리","데이트폭력에 관하여","9.84"
"2220","식인귀","괴물이 보인다","9.77"
"2221","저승파견고용직","기묘한 만화","9.92"
"2222","검은 늑대","검은 늑대","9.87"
"2223","제목이 7080 만화","7080 이야기","9.90"
"2224","하루와 모레","일상 이야기 :)","9.68"
"2225","올어바웃 You","봉카의 외노자인생","9.87"
"2226","오픈했어요 <매직컬 마카롱>","마카롱가게에서~","9.91"
"2227","나도 옷 잘 입고 싶다","패고의 패션만화","9.92"
"2228","외국 in 한국","영국인의한국생활","9.87"
"2229","중딩툰","중딩이 그리는 웹툰","9.46"
"2230","파리스의 선택","그리스 신화 회귀물","9.93"
"2231","아옹아옹","두식이 냥육일기","9.92"
"2232","A - STUDENT(모범생)","사악한 본성","9.83"
"2233","이브의 꿈속친구","꿈에서 만난 친구","9.77"
"2234","홈 스윗 홈","네식구 사는 이야기","9.85"
"2235","제 소원을 들어주세요!","중요한걸 잊고있었어","9.86"
"2236","헛어른","어른이라고 하기엔 아직 부족한 것 같고, 마냥 젊다고 하기엔 어느덧 적지 않은 나이. 그래서 때론 당황스럽기도 하고 서툴기도 한 우리들. ‘헛어른’은 그런 우리들의 이야기입니다.","9.85"
"2237","웰캄 투 실버라이프","할머니! 할아버지!","9.94"
"2238","선선한 이야기","프리랜선선","9.68"
"2239","일상견문록","다른나라 일상이야기","9.85"
"2240","아빠는 여섯 살","아빠 4컷 그림일기","9.94"
"2241","카나와 초나의 독일","독일 유학 생존기","9.89"
"2242","광해와 이순신","전쟁을 이긴 영웅들","9.60"
"2243","다 이아리","데이트폭력에 관하여","9.84"
"2244","식인귀","괴물이 보인다","9.77"
"2245","저승파견고용직","기묘한 만화","9.92"
"2246","검은 늑대","검은 늑대","9.87"
"2247","제목이 7080 만화","7080 이야기","9.90"
"2248","하루와 모레","일상 이야기 :)","9.68"
"2249","올어바웃 You","봉카의 외노자인생","9.87"
"2250","오픈했어요 <매직컬 마카롱>","마카롱가게에서~","9.91"
"2251","나도 옷 잘 입고 싶다","패고의 패션만화","9.92"
"2252","외국 in 한국","영국인의한국생활","9.87"
"2253","중딩툰","중딩이 그리는 웹툰","9.46"
"2254","파리스의 선택","그리스 신화 회귀물","9.93"
"2255","아옹아옹","두식이 냥육일기","9.92"
"2256","A - STUDENT(모범생)","사악한 본성","9.83"
"2257","이브의 꿈속친구","꿈에서 만난 친구","9.77"
"2258","홈 스윗 홈","네식구 사는 이야기","9.85"
"2259","제 소원을 들어주세요!","중요한걸 잊고있었어","9.86"
"2260","헛어른","어른이라고 하기엔 아직 부족한 것 같고, 마냥 젊다고 하기엔 어느덧 적지 않은 나이. 그래서 때론 당황스럽기도 하고 서툴기도 한 우리들. ‘헛어른’은 그런 우리들의 이야기입니다.","9.85"
"2261","웰캄 투 실버라이프","할머니! 할아버지!","9.94"
"2262","선선한 이야기","프리랜선선","9.68"
"2263","일상견문록","다른나라 일상이야기","9.85"
"2264","아빠는 여섯 살","아빠 4컷 그림일기","9.94"
"2265","카나와 초나의 독일","독일 유학 생존기","9.89"
"2266","광해와 이순신","전쟁을 이긴 영웅들","9.60"
"2267","다 이아리","데이트폭력에 관하여","9.84"
"2268","식인귀","괴물이 보인다","9.77"
"2269","저승파견고용직","기묘한 만화","9.92"
"2270","검은 늑대","검은 늑대","9.87"
"2271","제목이 7080 만화","7080 이야기","9.90"
"2272","하루와 모레","일상 이야기 :)","9.68"
"2273","올어바웃 You","봉카의 외노자인생","9.87"
"2274","오픈했어요 <매직컬 마카롱>","마카롱가게에서~","9.91"
"2275","나도 옷 잘 입고 싶다","패고의 패션만화","9.92"
"2276","외국 in 한국","영국인의한국생활","9.87"
"2277","중딩툰","중딩이 그리는 웹툰","9.46"
"2278","파리스의 선택","그리스 신화 회귀물","9.93"
"2279","아옹아옹","두식이 냥육일기","9.92"
